Planar_x,Planar_y,Alternate_bar_x,Alternate_bar_y,No_transport_x,No_transport_y,Planar_bed_x,Planar_bed_y,armfield_x,armfield_y,Lochsa_f_x,Lochsa_f_y,Rivers_f_x,Rivers_f_y,Steep_alternate_bar_x,Steep_alternate_bar_y,Incipient_motion_x,Incipient_motion_y,xi,strickler,recking,keulegan
3.5197443218146347,2.0079262336258688,3.734799110514786,5.490416930906502,0.6880602418827882,1.0699397669590576,7.854719082692814,0.09596152317269742,2.6532472510148177,0.4342093696161034,8.482035805073751,1.602665544885145,3.7754405036956884,0.11957738672547141,2.613346877979515,1.3961450922840888,2.007302271617639,1.5762733194254495,0.006666666666666667,0.9217018736932496,79392004.7985972,0.1644717053217444
4.1392001328562165,1.6555980133941282,4.1166271603902835,4.464278273744901,0.6880602418827882,0.7372486356182334,8.170274777004847,0.11098082546617397,5.543646423061719,0.1835250142722,7.537036854689557,2.791921092355349,3.6859163882771315,0.12730856151153222,2.9456613105573095,1.0378909354430106,1.6972744709386964,2.8405392377727106,0.007145942128034183,0.9006171631438173,60951614.19822849,0.17295119217337074
4.1392001328562165,1.3435871138396474,3.9217356235359278,2.7172117136706264,1.0261889819282375,1.8902719703702737,3.2867752198848454,0.18464901024924862,5.522140936902559,0.1814437343406049,9.646218532447238,0.5499439792760674,3.6859163882771315,0.12730856151153222,2.9894188558645194,1.3048819203869064,0.9233913794996432,1.781659222636023,0.007659673334582061,0.8800147831956798,46794663.67061525,0.18210374236513802
4.449078483552362,1.5984570499123951,3.6512119566124093,1.8150976326348873,0.8877953428855182,1.2996019477859537,1.5601772710393809,0.3917396282564992,7.365888202065789,0.11949186803508469,15.474894699897945,0.1939110464573234,3.790709996204967,0.11777052399642064,3.228812848989784,0.7393608288758202,2.0073017087386167,1.4614412171099025,0.008210337355285502,0.8598837001280569,35926130.44377863,0.1920025203064174
3.8294186453722285,1.0234225642642047,3.229292751877859,0.7207535266682603,0.7341333190790471,0.9397365909116254,1.5601772710393809,0.4173310253899092,7.910601122640464,0.14486033994354608,17.278843075273702,0.17535240243217584,3.867871135998658,0.11144504668681725,,,2.1623940421096357,0.6943260981138812,0.008800589338876121,0.8402131326258703,27582136.54123347,0.20273090900444124
5.53434302894018,1.3873323486674907,3.2930540508362314,3.607812268783097,0.549923607091495,0.947960293407172,1.5601772710393809,0.4173310253899092,7.408638044819364,0.12087239082573194,14.541531872624521,0.200217823210583,3.157675187167413,0.1739423145634687,,,1.0718133902975244,1.8478500248312102,0.009433275316230507,0.82099254600575,21176252.803563163,0.21438427178919947
4.759050054763706,0.8470157005784041,3.4768233343464447,2.0176510743953533,0.7187742890323591,0.6356015105687108,1.5601772710393809,0.4455179905283571,1.996211611647391,0.5368220773037764,7.346780735296198,5.173384801389696,3.6694684899300563,0.12923208745848816,,,1.0053209227873603,1.7288961002903116,0.010111445923139483,0.8022116465741255,16258276.842029903,0.22707207884426472
5.84459373833713,0.8111138894840213,3.909945727200291,3.8465487230328637,1.2108361561601424,0.5479282459591504,2.9724776202837226,0.11329662868253186,2.5549321864168784,0.296995020996491,3.787322364288557,1.087310584138465,3.8781618977976566,0.10960827611739275,,,1.2018648523440267,3.352857637975985,0.010838371109625294,0.7838603761143801,12482587.130960532,0.24092048750159356
1.6926014497590764,7.849648632022516,3.691128636098293,3.5117789423583288,1.164662278988125,0.30831253219462834,3.2867752198848454,0.1552477644810578,2.7187482557044476,0.3557785413426191,7.155951209475513,2.0044378317796356,3.9748134580869365,0.10313603791117867,,,1.171263427282197,3.1430460443424115,0.011617555906731,0.7659289065001159,9583848.628251582,0.2560754904275433
1.932457005739638,4.948154905091585,3.0324646985363968,1.1011604409591205,,,3.4439743153782905,0.18583175724529352,2.4237220497161545,0.2543447669481936,10.177920839976034,0.36431030639826784,4.264890373953048,0.08921354154223302,,,,,0.012452757326805218,0.7484076344316456,7358362.109445781,0.272706779165097
1.950823354499825,3.7828672931885188,3.536053534814556,2.662929005628755,,,5.332415489270679,0.13977262991327355,3.0893191568509977,0.23953232231570554,12.882230176393204,0.26322375501733963,4.264890373953048,0.08921354154223302,,,,,0.013348002478770563,0.7312871762928914,5649746.14050261,0.29101251501729497
1.790676011423798,8.182309109777103,3.7876559519731567,5.194401503450146,,,5.332415489270679,0.14272060159750838,2.9368502043751485,0.2077545494455889,17.83963470348006,0.1349249868617977,4.270098194157184,0.08904880445149309,,,,,0.014307607985722691,0.7145583631259357,4337945.187859203,0.3112252592278047
2.1141542146560375,9.667929929203055,3.8578523742877833,3.3200854031561238,,,6.593050936454949,0.1100667037389331,3.4155169915536376,0.18779781097947926,7.441984292411872,1.3138888402613638,4.2752256593125795,0.08888817603889698,,,,,0.01533620079848612,0.6982122357205347,3330791.182728277,0.3336193959463593
2.1007247135630873,2.911689789903693,4.666661514760147,4.740508301853445,,,1.403528118120223,0.6057443113316748,3.35033189659298,0.17738699318844986,6.588638512223797,6.0589929502839315,4.279288665985007,0.08879207630075595,,,,,0.016438740505484016,0.6822400398159629,2557525.3568760827,0.35852049340324504
2.186106634356562,2.3458324533269432,4.082119661358903,3.5406867082646056,,,7.539214592346946,0.100226944179268,3.7627452298042385,0.16377864561664202,2.6143577586898212,0.16291948393053357,4.279288665985007,0.08861742752479508,,,,,0.017620543246494036,0.6666332214126184,1963824.9679524535,0.38631720401188635
1.727424023756445,13.181790051749607,3.7136212591169784,2.4895063924542775,,,5.332412498685319,0.1457630561755145,1.4341537233136261,0.3326276939051011,10.529906405704986,0.47765900766192876,4.279288665985007,0.08861742752479508,,,,,0.018887307345595492,0.6513834221908817,1507985.3209737306,0.4174765219880296
1.595708236695723,4.642612536089941,3.752191086286853,3.4067067136687132,,,4.230394927747065,0.1521474065844627,1.7432115901445657,0.2715411853398744,12.882230176393204,0.28124305366828906,4.260682601145518,0.08957982512554781,,,,,0.02024514078690305,0.6364824750347687,1157988.7055334984,0.4525635264135966
1.6044751854933956,3.7476795860690624,3.708639623818657,0.933029728610455,,,3.129609346795477,0.16806949662882326,2.36900807531222,0.3862892708517292,24.28823077157855,0.09595006528828662,4.251618322579285,0.0897525289689364,,,,,0.021700590665567055,0.6219223996579871,889254.2148582194,0.49226718257017965
1.7748279161534006,2.876888374518371,3.0787175236250848,1.329247631149547,,,2.1873912857482063,0.23000507926358635,2.860554776137079,0.3105188062726922,18.831726616571494,0.14794900514957315,4.208377490408829,0.09152896597358097,,,,,0.023260674756045156,0.6076953983300488,682910.2757722484,0.5374344231479699
3.9842951428830213,0.7594376402330181,3.196186672313792,1.1116740411217798,,,1.0904611480677642,0.9466105965036077,2.401839772048197,0.1856426623438398,11.231066474013979,0.4902662928850486,4.175360516673583,0.09291803828621302,,,,,0.024932915349858652,0.5937938517001506,524468.4626552165,0.5891156912941501
3.3649497689029717,0.6646365829008406,3.6128867699084206,1.539181321468887,,,0.4656516171512738,0.9719959235262661,2.5112118918553055,0.2129178304326136,6.773027660782367,3.192432581070218,4.194926768715855,0.09441411735567146,,,,,0.02672537552598976,0.580210314716589,402805.376586073,0.6486265722668249
3.2101863667575006,0.5732806473368591,3.4167557361218717,1.1686836605033986,,,4.702556497015541,0.14933023992615443,1.1125650989020703,0.4246773843598614,6.773027660782367,3.8598541937332365,4.146637667327403,0.09423794370502336,,,,,0.028646698028805595,0.56693751263952,309381.0260352175,0.7176323527315556
3.3649497689029717,0.49251717242451554,3.1101768625967714,0.7030389761344951,,,5.1749189482662405,0.1410462728625931,1.3345292178817725,0.36752816572450575,9.468084381859981,0.761611803299135,4.14144041769563,0.09452034737804185,,,,,0.030706146940967377,0.5539683371449308,237638.76999171672,0.7982657999544376
,,2.4214254867100777,0.2546310222727741,,,3.129610224387242,0.17289174293101275,1.7211758032588014,0.4757770489050565,11.412003985764688,0.40671733065084037,4.121956427463109,0.09508399625447268,,,,,0.03291365235226002,0.5412958425177379,182544.64695488408,0.8932939582801334
,,3.373906852972025,0.41715965108003406,,,2.030506087261831,0.2520484706300931,1.7652398496919517,0.38628897872085055,19.46046960720663,0.1262257369398255,4.14144041769563,0.09452034737804185,,,,,0.03527985823972295,0.5289132419319698,140233.71094716966,1.0063587427844023
,,,,,,4.230394927747065,0.16164935806973754,1.655035535222411,0.3212846494581201,15.802551450536896,0.1606290737012592,4.15592767346122,0.09394943782754231,,,,,0.03781617378994651,0.5168139038160434,107738.51736716542,1.1423311479729537
,,,,,,2.1873912857482063,0.2645428249639166,1.4341533030259255,0.5793387560474565,10.88037923140789,0.37645320103319563,4.121956427463109,0.09508399625447268,,,,,0.04053482841099614,0.5049913483011892,82780.67584398131,1.3078447959032742
,,,,,,3.129609346795477,0.19617517977790858,1.0680660802974893,0.24270848999992894,8.482035805073751,1.0592341032509123,4.15592767346122,0.09394943782754231,,,,,0.043448930699216154,0.49343924375112097,63610.820191785686,1.5121206323011696
,,,,,,4.230394927747065,0.1616494538762677,1.5115379318314839,0.48026297026929066,6.773027660782367,5.074994233452843,4.180430749095854,0.09264006145171214,,,,,0.046572531645235,0.4821514033710918,48885.74871297967,1.768279577799945
,,,,,,2.1873912857482063,0.2596377699273167,1.3345292178817725,0.4228091315856989,6.964789633732004,5.772327529666888,4.15592767346122,0.09394943782754231,,,,,0.049920692383933485,0.4711217818945214,37574.1006863945,2.095503307145782
,,,,,,2.972478453813276,0.19092642372124144,3.023994491108112,0.22384641979650316,7.346780735296198,2.018657405228242,4.121956427463109,0.09508399625447268,,,,,0.05350955681504782,0.46034447234542025,28883.94055503866,2.522732540408286
,,,,,,2.1873912857482063,0.24348810983877603,2.904157336398568,0.20095914877890803,9.041253486176245,1.1158775900664977,4.107559821959936,0.09576980675886758,,,,,0.05735642944456334,0.44981370287487393,22207.161084586925,3.0952932027222047
,,,,,,2.972478453813276,0.17757260108030043,4.174211325056272,0.16030265924156364,13.068824479491408,0.24663961807740536,3.3662218132749815,0.15647778285924158,,,,,0.061479858822228846,0.43952383366989756,17076.79883470643,3.8874334579612673
,,,,,,2.972478453813276,0.2131391931770178,4.066016881968315,0.14936233557660644,17.278843075273702,0.1518527239604389,3.280995285999091,0.16389364139164175,,,,,0.0658997269775039,0.42946935393300284,13134.26276230009,5.027666120898705
,,,,,,2.972478453813276,0.2131391931770178,4.951573523121747,0.1284567486300832,16.96742248794165,0.1550621299781902,2.915378675501067,0.19636612885367688,,,,,0.07063734528517439,0.4196448789308583,10104.17344788353,6.754378303356169
,,,,,,2.972478453813276,0.21473924600035002,5.758612910510265,0.11976589930082879,12.50840876856476,0.3213515800256465,2.871210037765981,0.2015652804630158,,,,,0.07571555722287367,0.4100451471104655,7775.045274098634,9.551358968017269
,,,,,,2.030505517876095,0.2465028003348509,1.7211771723488216,0.3140456301273157,10.88037923140789,0.39292140415276605,3.031387315333556,0.18567399349483488,,,,,0.08115884851597743,0.40066501728130466,5984.454483190051,14.527593073392168
,,,,,,2.658321809005908,0.22478675378525065,1.864302168594481,0.3962191058684379,8.669759398141672,1.192217937391231,3.2573456027001138,0.16513228775044841,,,,,0.08699346520096014,0.3914994658619406,4607.651259153779,24.713162278023425
,,,,,,2.5013021224363037,0.22374534137952518,2.105999169879935,0.21691908852601668,7.537036854689557,2.924643613147559,3.3837917531806867,0.1550824343205163,,,,,0.09324754017648253,0.38254358418961626,3548.815976696904,51.05593020009872
,,,,,,1.5601772710393809,0.3379577411106713,2.073076125882305,0.20586680935481705,6.773027660782367,6.707900960422787,3.2974515052974844,0.16210005412318182,,,,,0.09995122885240304,0.3737925758913896,2734.34554257644,161.2691020988869
,,,,,,0.7777817545511974,1.7668375243783212,2.43466296894996,0.17738679196538099,6.964789633732004,7.167913016759823,3.031387315333556,0.18567399349483488,,,,,0.10713685455077589,0.36524175431541045,2107.698383421543,3250.715844711331
,,,,,,0.4656515779784662,19.002981637483522,2.74057588552841,0.15776867123950603,6.773027660782367,5.074994233452843,2.915378675501067,0.19636612885367688,,,,,0.1148390643599191,0.3568865400209561,1625.436132470833,524.4417296205853
,,,,,,0.6216324123340479,2.0605891888144225,3.230756944950303,0.1739489762548612,1.6663700600577807,0.34041501370983285,2.846527585369956,0.20373131696339244,,,,,0.12309499619303622,0.34872245832588655,1254.1841317132642,90.92305365999728
,,,,,,2.5013021224363037,0.26600546629823524,1.2014532777426994,0.38146458290077817,8.669759398141672,1.561161186069198,2.871210037765981,0.2015652804630158,,,,,0.13194445785690376,0.340745136910204,968.297403877242,36.25528151533998
,,,,,,1.403527842620312,0.4194847477804383,2.128000932073052,0.3572152405836491,17.134397389560924,0.13295310229264712,2.8085716684258752,0.2086540496742493,,,,,0.14143011899404198,0.33295030347443166,748.0682962797946,19.357927736372382
,,,,,,2.344324448217419,0.24227015276218297,2.128000932073052,0.3572152405836491,14.386271754142848,0.20251667638177948,2.871210037765981,0.2015652804630158,,,,,0.15159771682386183,0.3253337834515587,578.3500377992425,12.015329831638752
,,,,,,1.716894457663226,0.1582754088069475,1.2236534815832876,0.9680963759040059,12.695498167965969,0.28827388996803394,3.049796233263041,0.18322308093605771,,,,,0.1624962766748147,0.3178914977713293,447.4996543749867,8.177420036858306
,,,,,,0.46565172161211027,17.95073734116785,1.012388312795957,0.5560518015061379,8.293929484212454,2.1978505248350033,3.1155177334572084,0.1775971104530545,,,,,0.1741783483708885,0.31061946067567225,346.5661096986263,5.922722891212343
,,,,,,2.3443251056029273,0.21824487512530882,1.079195041181381,0.38791752544189656,7.155951209475513,5.198540188560343,3.4001198369755055,0.15388683354648758,,,,,0.1867002596122421,0.3035137775841056,268.66675165593165,4.4865800210806555
,,,,,,0.4656517738425373,7.078554807625468,1.4341542036425767,0.41007373941379194,7.155951209475513,7.369760301675231,3.1155177334572084,0.1775971104530545,,,,,0.20012238757170595,0.29657064300797314,208.5083611462651,3.515866151864817
,,,,,,0.9340658227858203,1.3033932428228678,1.1014446261667254,0.3391933251843207,1.8183576464023874,0.11230030809151866,3.157675187167413,0.1739423145634687,,,,,0.2145094500167157,0.2897863385123926,162.01924672046457,2.829212021028391
,,,,,,0.6216326738073487,9.269235555182055,1.2125545526910966,0.3200605895800778,1.5,1.3791028211826082,3.175154678611231,0.17197852190195612,,,,,0.22993081736038387,0.283157230724827,126.06661892102794,2.3257002045852806
,,,,,,2.030506656647727,0.2847925758048502,5.96267328924291,0.10243304981154712,8.482035805073751,2.3858701049026165,3.198813118183524,0.1703766525359938,,,,,0.2464608471463351,0.2766797693892122,98.23945957037535,1.945551344556742
,,,,,,1.0904616373197813,0.5885671426466262,7.686408941090052,0.07733866159498441,16.800114221393546,0.15518397053177785,3.3662218132749815,0.15647778285924158,,,,,0.26417924258009856,0.27035048546459595,76.68169370053349,1.651526143601035
,,,,,,2.030506656647727,0.2807837428128054,9.46582454333701,0.07431915749607258,14.230630463189026,0.22170220969548754,3.434010941660717,0.15138413469899237,,,,,0.2831714368357932,0.264165989267275,59.96399792253092,1.4194457039202952
,,,,,,0.4656518260729703,4.283571084408496,11.852371851249849,0.06271883986518731,8.482035805073751,1.13376377545508,3.7958776968936956,0.06651741508465112,,,,,0.30352900499112984,0.25812296865542944,46.98528644353223,1.233057016832501
,,,,,,1.246953190786184,0.667281868022558,5.005459167609787,0.11627445540699573,7.537036854689557,5.482386380918136,5.711325268605034,0.09754874430573754,,,,,0.3253501055769621,0.2522181872552875,36.89699478129457,1.0811079455184835
,,,,,,5.15860356275536,0.09522273732605642,6.198772600941231,0.10200112775638885,7.726950993777883,4.680269018795078,10.694823044802607,0.0794625135093534,,,,,0.3487399538704174,0.24644848272786657,29.044877466492963,0.9556082875449198
,,,,,,4.292079093307288,0.09522273732605642,7.291061768001441,0.09662854868046301,8.857011143620374,1.918950778847914,9.827162614504047,0.10390660606814614,,,,,0.37381132921369725,0.24081076507536536,22.92426172951491,0.8507574839500704
,,,,,,5.864265900834308,0.09135559511575421,8.156000963129255,0.08881401778357109,8.669759398141672,1.8774109741161202,11.106040152591014,0.1339316875512082,,,,,0.4006851188046921,0.23530201498629774,18.14564037782386,0.7622621228362038
,,,,,,6.247526606291428,0.079446338687486,5.797398330545556,0.10463508583703975,9.468084381859981,1.1246105071796322,6.277311157430442,0.15938375937421023,,,,,0.4294909005814247,0.22991928221848368,14.408209839445624,0.6868893237929965
,,,,,,6.8125138308087445,0.07710037566620885,4.846822990926853,0.10463508583703975,17.534934077462456,0.13433369641096737,1.0986450274799766,0.40675890343136367,,,,,0.46036756801082174,0.2246596840190301,11.479514393405879,0.6221672327626819
,,,,,,7.347415716387829,0.07574233159706673,6.571427531447019,0.10051104646049065,18.339401914932772,0.13925873741339845,2.4499101565321446,0.3249740066037935,,,,,0.4934639997943761,0.21952040358045666,9.17978386730656,0.5661797458879649
,,,,,,7.781517942794424,0.07257016858224392,6.98998217707592,0.08777650727224166,14.541531872624521,0.19844667440230943,3.4866487164415845,0.4092163547426681,,,,,0.5289397777198327,0.2144986885321384,7.369879451840789,0.5174230435196491
,,,,,,8.155131086977985,0.06920167515187928,7.60585323935497,0.08526139563401745,10.529906405704986,0.5186918291410685,2.685739037987697,0.4527806323233935,,,,,0.5669659561201784,0.20959184946625828,5.942013716004569,0.4747035441716832
,,,,,,8.639922379545292,0.06894237621328067,8.187769267145795,0.08380448118191508,7.91642622666716,3.844569352529406,0.3571989324677123,1.7192134921638809,,,,,0.6077258866500546,0.2047972584974793,4.812604029381248,0.43706415481152017
,,,,,,9.124829656142396,0.06920167515187928,8.659250890398106,0.08039811284265536,7.346780735296198,6.096900229733338,0.7656423819542093,0.8810498345993313,,,,,0.6514161023564332,0.20011234785556634,3.9167669414590867,0.40373019301307084
,,,,,,9.498687585445976,0.06779352875134925,9.064513596948665,0.076776052239882,4.9400201097998595,0.9519894786360354,0.9389572426423625,0.6816723768175004,,,,,0.6982472653062998,0.19553460851020166,3.204075023084048,0.37406920489689544
,,,,,,7.872386045727719,0.07802606754064914,9.58970024121284,0.07649705073648125,7.726950993777883,2.16849179536138,0.5020510803798327,3.158233504979203,,,,,0.7484451823405425,0.1910615888272599,2.6352852203001027,0.347560743019025
,,,,,,10.216269791482048,0.0774070553070278,10.114283931349963,0.076776052239882,8.105367373064468,3.4687867269161026,0.9234666591474356,1.3118648775151922,,,,,0.8022518938517261,0.1866908932558217,2.1798150324194108,0.3237733795027677
,,,,,,9.76144118690938,0.06817328431862661,10.518261830549891,0.07526029813476641,8.293929484212454,3.5515511813018454,0.9444070703863852,0.8175407251849451,,,,,0.8599268408355387,0.18242018104522245,1.813794508646275,0.3023470404685061
,,,,,,13.543986022835943,0.06779352875134925,4.90227498231232,0.1181351082660465,13.43627512946173,0.28716497509800404,0.760575947324174,1.4841224223407177,,,,,0.9217481158431032,0.1782471649914505,1.5185617735854993,0.2829792991232981
,,,,,,13.807124667555092,0.0716025225567928,5.500378060470931,0.11046460935166665,16.296665510098748,0.15491145721330143,1.0593689985547117,0.7533471425173008,,,,,0.9880138038659058,0.17416961021222208,1.2795003158020408,0.2654146452173575
,,,,,,20.18900072835632,0.06092699220018638,6.196456622866981,0.11193705891335475,12.695498167965969,0.39768699991488804,1.3906342860928798,0.47475041761221826,,,,,1.0590434196187017,0.1701853329500774,1.0851397358614852,0.24943601451712544
,,,,,,30.234458223017842,0.05704305455123611,7.539918792433274,0.11680161491173592,8.482035805073751,2.9449727461660307,0.824887978137827,0.732050132378886,,,,,1.1351794481505997,0.16629219940285694,0.9264596872875285,0.2348580502285688
,,,,,,2.3807388702848784,0.15325552358095093,3.935342383648866,0.15327857419825175,6.588638512223797,6.520739234862428,2.14163566635592,0.6098886639483062,,,,,1.216788996212695,0.16248812458093181,0.7963506123921388,0.2215217031653078
,,,,,,2.883241532336452,0.1554234234396724,5.809959253140541,0.1824798545829595,7.726950993777883,5.448001271137808,0.4468568233701038,5.418842911308644,,,,,1.3042655623447086,0.1587710711905757,0.6891955402766197,0.2092898751069094
,,,,,,3.1245804035466698,0.13043041914188863,8.75786214399273,0.08625414100838728,7.155951209475513,6.838615405424702,0.5581240650975444,0.417642327290314,,,,,1.3980309342154884,0.15513904854288088,0.6005454179593243,0.19804388122289313
,,,,,,3.8188528096803473,0.12552221685520004,11.292555929692151,0.0855903873813283,9.22512808074487,1.537970709360823,0.7230589531093132,1.115702431661305,,,,,1.4985372223658169,0.15159011148763346,0.526866757165583,0.18768056018933768
,,,,,,4.574106223786397,0.11075577039457767,10.80193408780145,0.07566917625537208,14.074412558167012,0.2647233249087351,1.4932210469537734,0.48462758779058945,,,,,1.6062690401596829,0.14812235937157703,0.46534523642029,0.17810989993318901
,,,,,,5.007363864783269,0.10421180243316708,14.86709708564198,0.0752603265925456,14.230630463189026,0.2292448297269188,0.9978922242254806,0.5620349830280407,,,,,1.7217458404551165,0.14473393502050738,0.4137326369334487,0.16925307647905224
,,,,,,5.420619156212746,0.10024203357655571,15.148747364885281,0.0793582372217486,17.134397389560924,0.1745159260598296,2.3411564238324347,0.3765816095334435,,,,,1.8455244202613759,0.14142302374465232,0.37022736971458764,0.16104082574985557
,,,,,,6.721694050908229,0.0797671718444821,21.94412958955337,0.06785530695851585,14.696582717345443,0.2324409703848332,1.1347032556650212,0.35964838684108147,,,,,1.9782016054592464,0.138187852366804,0.3333810689321737,0.15341208525166927
,,,,,,9.155137043819721,0.05608272278816833,32.537172804081926,0.06365579814323062,9.646218532447238,0.6518082991640597,4.315738133098107,0.10101280079826594,,,,,2.1204171285294127,0.13502668827268455,0.30202543534176857,0.14631285570183875
,,,,,,1.647930623966514,0.3027417563331547,2.7278079807535875,0.16600957581149003,8.105367373064468,2.6902807936588053,6.079805544773372,0.11050930003635503,,,,,2.2728567131645403,0.1319378384830339,0.27521483093699245,0.1396952428206063
,,,,,,2.179858498933436,0.18778235144867392,3.2880004506445233,0.1682867388475989,3.981329249244623,1.0564473449175646,0.739542439589382,0.5667653909102089,,,,,2.4362553806381695,0.12891964874692588,0.2521811420065931,0.1335166474212164
,,,,,,2.7726557448352716,0.1490535638000767,3.5561612900091633,0.141972403792091,7.726950993777883,6.645944863190617,2.4070419512950445,0.11800170989696125,,,,,2.611400993872838,0.12597050265582427,0.23229821184660307,0.1277390781364667
,,,,,,3.2251615862434995,0.12712696277415145,4.324872641663075,0.13678770829332856,7.537036854689557,4.186763485455198,4.877342404867314,0.06133548029593077,,,,,2.7991380562959396,0.1230888207779066,0.21505374980265565,0.12232856600943663
,,,,,,4.342432102790278,0.10791377431315777,5.157195723305012,0.12115151207129818,9.468084381859981,1.0547805229867189,0.8641787500235885,0.6357353710327788,,,,,3.000371783800332,0.1202730598121902,0.2000270911198438,0.11725466405214585
,,,,,,4.886436180439883,0.1006969670113903,5.633096086843737,0.1142023702124414,8.293929484212454,3.0795911341701085,3.9544955270120705,0.15962394684318046,,,,,3.216072469443579,0.11752171176200868,0.18687154381122503,0.11249001796465478
,,,,,,5.5214321973038105,0.1020810896621754,6.086076850776146,0.10998052168401336,8.293929484212454,1.4682241221202115,5.744358017178495,0.07892234138119149,,,,,3.44728016193117,0.11483330312739587,0.1753003387032714,0.10800999668100325
,,,,,,6.751963251517048,0.10665802256555564,3.5449974158453212,0.12604816521505888,11.592494233898,0.4254038506631278,6.906619560341213,0.07387616196587303,,,,,3.6951096804420676,0.11220639411594453,0.16507541566718892,0.10379237339939933
,,,,,,3.1145222927612917,0.11537381881400109,4.224780591009444,0.12937840258631764,14.230630463189026,0.2292448297269188,1.156814628377701,0.36652423897826397,,,,,3.9607559899766893,0.10963957787171755,0.15599844718907663,0.09981704936390882
,,,,,,3.7282623771970513,0.11851788001300557,4.702574718913341,0.11813533161523884,11.054824012824934,0.45671417519093593,1.8501378491796026,0.15362718085576874,,,,,4.245499963145724,0.10713147972179834,0.14790363095225106,0.0960658139723144
,,,,,,4.161160530661314,0.1079136463963485,5.24580366299539,0.11706673209446153,8.669759398141672,1.5364326173591474,0.8552855795966766,0.6510560261716932,,,,,4.55071455618159,0.10468075644007674,0.1406518845409796,0.09252213585115533
,,,,,,4.654697903956171,0.10690731411094005,6.163344598208466,0.10949950772615846,9.289428930736955,1.2796110150947206,1.140934329790599,0.7490095969308359,,,,,4.877871428951461,0.10228609552787682,0.13412615430870076,0.08917098041223716
,,,,,,5.49118730863006,0.09978968775076238,3.7793045171857296,0.1894395472679502,10.177920839976034,0.8380931891662539,0.6280821115167141,1.560312396255539,,,,,5.228548040891789,0.09994621451104094,0.12822761196215066,0.0859986501228695
,,,,,,1.2770082186466285,0.29003770858331196,4.202530797323884,0.17250715891179927,9.468084381859981,0.7001658860362427,0.7824271754468741,1.3128402087856033,,,,,5.604435257078883,0.09765986025309341,0.12287256041334856,0.08299264431461877
,,,,,,1.788377213789233,0.2038844955605067,4.724769762172212,0.17298595222979882,9.468084381859981,1.7363365585550177,1.1861819624476138,1.141310165687641,,,,,6.007345501110013,0.09542580828411609,0.11798990796948775,0.08014153584612596
,,,,,,2.4008303765890324,0.18321039101050945,2.8175888100738984,0.30477315826940043,8.669759398141672,1.8448776809859202,1.5009438538540287,0.4148839776718166,,,,,6.439221494105799,0.09324286214497671,0.1135190993046055,0.07743486234345516
,,,,,,2.913404305021729,0.13707219395350242,3.1313628557411244,0.29375407958453836,8.105367373064468,1.3064169290048124,1.8050400620417957,0.30035081349759546,,,,,6.902145621971076,0.0911098527465584,0.10940841469500794,0.07486303008161972
,,,,,,3.466610102215688,0.14115231172644388,7.506937108950066,0.08812050169763337,11.592494233898,0.3672381797884999,0.6047814887656053,2.9633489786304996,,,,,7.398349976080481,0.08902563774364745,0.10561356710312053,0.07241722885556229
,,,,,,5.16861618471681,0.16895517774288007,10.147039694342128,0.06261621192241411,15.006910323538303,0.19530172209165061,0.6565944146608167,2.276843385388966,,,,,7.93022711580213,0.08698910092314392,0.10209654094694229,0.07008935642775246
,,,,,,3.3257568321742097,0.175602604166311,12.859627705458378,0.0657047741419631,15.161562168037577,0.21564104172944723,1.3364939002746574,0.7350042260156068,,,,,8.500341604753418,0.08499915160626721,0.0988246276366945,0.06787195134067207
,,,,,,3.7081321576555655,0.15944299277476592,1.905380289994148,0.32128562134474936,13.253557594356227,0.2352525198753342,1.765088369000035,0.9244041477934251,,,,,9.111442376413372,0.08305472406443722,0.09576962185068517,0.06575813305225582
,,,,,,4.181300016269258,0.1598993178934615,2.503079434449614,0.20216999720020215,9.646218532447238,0.49471825296272226,0.7841535940271207,1.4706706898081126,,,,,9.766475988715232,0.08115477694851712,0.09290714956764017,0.06374154849611885
,,,,,,1.2168987173298278,0.3567454706494695,3.164941496632155,0.16159339848432866,7.346780735296198,4.078429585094011,1.0476487321437986,1.169765626601636,,,,,10.468600831529184,0.07929829273111308,0.09021610446904332,0.06181632429046081
,,,,,,1.5977831218637322,0.2106341286616627,3.667767788072055,0.1384837834499238,7.726950993777883,6.645944863190617,1.663365979484453,0.45986326896322893,,,,,11.22120235553971,0.07748427716163174,0.08767817378143263,0.05997702392343869
,,,,,,2.0192108287448822,0.23960270512870693,1.485826019292967,0.30820162520762157,8.482035805073751,2.2059258033081957,2.062220011294222,0.20299619891810206,,,,,12.027909395947146,0.07571175873380362,0.08527743818649709,0.05821860933147288
,,,,,,2.179858498933436,0.19745410721301504,2.0636015728238277,0.2189635580698091,9.646218532447238,1.035549915840622,2.2046396648102657,0.22730322000822462,,,,,12.892611669701532,0.0739797881653875,0.08300003327505948,0.05653640636281627
,,,,,,2.7424993634962163,0.16174423433801316,2.7502590070660857,0.19739464676521096,9.289428930736955,1.316248259548077,3.195992049325302,0.07618974550548653,,,,,13.819478530635799,0.07228743788977697,0.08083386230753929,0.05492607368377754
,,,,,,2.4611104995384836,0.2867117547060171,3.321545003958643,0.1489796826701996,14.541531872624521,0.25482420363001235,1.0452927227579365,0.5229277133153307,,,,,14.812979072930156,0.07063380155923686,0.0787683518844128,0.053383574740917324
,,,,,,2.7424993634962163,0.27603002201081295,1.4175726414889327,0.3767329170256581,17.406900278747138,0.16092928158231082,1.3713402140495747,0.22802430463136747,,,,,15.877903679841054,0.06901799355950376,0.0767942436167853,0.05190515244071954
,,,,,,2.7022932009460434,0.2749947585673265,1.8488076220625989,0.22599104171161133,18.995045287978694,0.1339688551711602,0.8419691090782111,1.3904736390712373,,,,,17.019387121596775,0.06743914853549002,0.07490341609138525,0.05048730624984484
,,,,,,2.883241532336452,0.24822220091349953,2.32299408922476,0.25607667206602164,11.95234421574931,0.3840952493728399,0.8621304131907754,0.8489012477618968,,,,,18.242933313831127,0.0658964209278382,0.0730887324028067,0.049126771455071876
,,,,,,3.1849271073710272,0.2573158198018185,2.503079434449614,0.21226252764963335,7.346780735296198,2.4862520663617027,2.2703258763340357,0.22289161274267244,,,,,19.554441855933614,0.0643889845200769,0.07134390932353585,0.04782050035324546
,,,,,,1.4874824108503186,0.3791083873888247,3.1313628557411244,0.17492152840245545,8.857011143620374,5.5439159248957335,3.3600144019416365,0.16437518871159526,,,,,20.96023647727667,0.06291603199613578,0.06966340483473084,0.046565645168669414
,,,,,,1.6579605275216227,0.2781178601730898,3.0865801529649577,0.29268581277367256,2.417038818927834,0.6212470211039396,11.489563304929584,0.09192049204760176,,,,,22.46709552847952,0.06147677450798312,0.06804232127612875,0.04535954251898969
,,,,,,1.848582761298067,0.2379328570627487,3.287999487075469,0.26500657989570386,3.200401916414066,0.4234175297745743,11.228387739900782,0.22135920781397084,,,,,24.08228466472954,0.06007044125315356,0.06647632181426168,0.04419969927120163
,,,,,,2.1698159762253018,0.26014160738769043,3.623133082760707,0.2744178045747141,7.537036854689557,2.552309051726243,5.169022284540084,0.195497775346466,,,,,25.813591878750355,0.05869627906194057,0.0649615582923241,0.04308377964740662
,,,,,,5.4609427065545,0.0931569220765966,1.724216712100602,0.3996169825765803,12.50840876856476,0.3008846287292733,5.64044899363763,0.11650299402066437,,,,,27.669365052336484,0.057353551994032276,0.06349460882685395,0.04200959345569085
,,,,,,7.0849839537517205,0.06972435951303534,1.9166902829723882,0.29590914980464644,15.474894699897945,0.18985324601123502,4.391500567090841,0.3516651018036883,,,,,29.658552207517232,0.05604154094437429,0.06207242376737374,0.040975085335308505
,,,,,,8.771233449141057,0.06691939320569207,2.1313313716098743,0.2543453439930009,10.354074472618162,0.6190582401224632,15.959328606242147,0.10808192365558092,,,,,31.7907446514298,0.05475954325804915,0.06069227884451848,0.039978324917481156
,,,,,,11.04528095564186,0.056177434571132646,2.491832211968964,0.27734010338745246,7.537036854689557,4.698971716372388,12.361483787275477,0.2025740574551634,,,,,34.07622322293444,0.053506872353965305,0.05935173450739877,0.03901749781379746
,,,,,,2.3807375350920688,0.412988889779746,120.08815637761762,0.02880999048847624,7.726950993777883,4.417911266062679,13.355844715415172,0.15696196918543143,,,,,36.52600786395959,0.05228285735715492,0.05804860059804111,0.038090897353602875
,,,,,,5.067828976735123,0.16995276738906598,105.64167253153546,0.029811800617154806,7.155951209475513,8.289845945716321,16.11470040623004,0.22979232884265904,,,,,39.15191075459651,0.05108684273948282,0.05678090563458621,0.037196917000070294
,,,,,,5.04767251052464,0.16796593249057482,94.39604830629048,0.03062246118216447,8.293929484212454,2.1557879356848626,5.243271947428215,0.1456022784665441,,,,,41.96659326814592,0.04991818796857491,0.055546870079490156,0.0363340433819812
,,,,,,6.782233728362669,0.10919142930636001,83.464328706711,0.031133872707833726,8.293929484212454,1.3791028211826082,5.6224021108024465,0.11213798010222448,,,,,44.98362702073795,0.04877626716477733,0.054344883057502465,0.03550084988474518
,,,,,,7.296940776958607,0.13316627689295404,71.06128991022486,0.032446276863324484,17.672217667145354,0.1677001434612702,9.35654501096291,0.19669265921902557,,,,,48.21755930989023,0.04766046876596296,0.05317348206334044,0.03469599074994558
,,,,,,6.822598309472048,0.11049233126555782,189.49994426587136,0.025502851115899745,15.9658638256439,0.1456870997101784,5.1471740720046775,0.12574545086120067,,,,,51.68398325752971,0.04657019520000618,0.05203133526292818,0.033918195637815264
,,,,,,1.176832758782094,0.4018146137657967,164.69787496391172,0.026420224171342856,10.177920839976034,0.7387105166957688,10.332517906004567,0.1492063467724072,,,,,55.39961299568924,0.045504862564749456,0.05091722604660614,0.03316626461159439
,,,,,,2.7223961063339073,0.2085741899043452,142.76448317875503,0.027305565104482437,7.346780735296198,6.536653032565664,10.57171162407569,0.09172434165444121,,,,,59.382364257402934,0.04446390031529138,0.04983003953933967,0.032439063506771795
,,,,,,2.6118384298385173,0.1866228019868359,123.13431155184021,0.028166886294407584,8.482035805073751,1.1991681177147004,6.076107212251329,0.19941373746341015,,,,,63.65144076138704,0.04344675095842813,0.04876875081288553,0.03173551965182276
,,,,,,3.7886544747239808,0.1478261967583442,107.66166366815226,0.028936767037286096,9.22512808074487,1.1391240608390139,3.248438626470609,0.40927368107871476,,,,,68.22742680703017,0.04245286975408482,0.04773241457914271,0.031054617910278276
,,,,,,3.6880030726895923,0.13743549276471792,338.91764302674255,0.0215601878907339,8.669759398141672,1.0275565446793817,3.0770628828171738,0.15487077301424904,,,,,73.13238652615892,0.04148172442357686,0.046720156173372114,0.030395397016843437
,,,,,,4.513663990641814,0.11764747605094408,293.58939182599187,0.022629681975550545,16.12875812908962,0.1759541756962767,7.098467686307224,0.11327248171793908,,,,,78.3899702701437,0.04053279486454516,0.04573116366133712,0.02975694618286027
,,,,,,5.269411162895439,0.10944975583497386,251.29687419685249,0.02357911004424303,15.802551450536896,0.1512160962263629,7.952739873189358,0.14928358274203551,,,,,84.02552864531516,0.03960557287241228,0.044764680926288776,0.029138401948721124
,,,,,,4.5640318475031885,0.1061616224877216,221.09536185283673,0.024283654021869962,11.95234421574931,0.37892453965258655,34.27975629977336,0.11187213079033845,,,,,90.06623474653499,0.038699561868210754,0.04382000161061222,0.028538945262912493
,,,,,,5.682752418921812,0.09275188407205973,186.2324900940145,0.024849998937400947,8.482035805073751,1.270370428132825,4.090778920555047,0.4940004557980583,,,,,96.5412151783022,0.03781427663263723,0.04289646380328284,0.02795779876922992
,,,,,,6.711604389771489,0.08771908967450871,512.2356654783648,0.020095222709958435,8.105367373064468,2.5771119513224536,4.771680160319937,0.6870647646647541,,,,,103.48169049513653,0.036949243046190725,0.041993445378420015,0.027394224285380187
,,,,,,7.529115895832374,0.08041439839870268,465.57478374048935,0.02032665053772621,7.346780735296198,2.7832536395034237,5.341001474835494,0.4478133824879456,,,,,110.92112573840848,0.03610399783525517,0.041110359902479764,0.02684752045769307
,,,,,,1.778344088033429,0.5139590966031882,417.66613976054833,0.02067732534598306,9.823878405673193,0.7051844169269275,7.41230959838622,0.6497526829188811,,,,,118.89539179546061,0.03527808832399053,0.04024665303825443,0.026317020578024205
,,,,,,2.290333721527173,0.2791706720614894,379.4871604423387,0.021133592094053976,9.468084381859981,0.9444206530664724,7.141430198465759,1.0918454457075348,,,,,127.44293835904665,0.03447107219189987,0.039401799383077,0.02580209055015574
,,,,,,2.441016906007228,0.3363059017403207,324.21824470036677,0.02204071919837295,11.231066474013979,0.37813784525351357,8.07584349034785,0.06380014658909602,,,,,136.6049793210564,0.03368251723694197,0.0385752996866418,0.025302126994107763
,,,,,,2.169817193126639,0.2379328570627487,1119.0826883729162,0.01711540243297682,13.917995866334124,0.2146716239997795,3.9198777288261617,0.19668959786858303,,,,,146.42569149443645,0.032912001144063154,0.0377666784008279,0.024816555477775008
,,,,,,2.7827098513077417,0.22365929429249345,1023.1648974389815,0.017092578839064627,20.061610550999184,0.11732053860190826,6.4796993543377575,0.08932990776962252,,,,,156.95242762149437,0.032159111259024147,0.03697548151997338,0.02434482886620779
,,,,,,2.6419897558238294,0.19313253556791657,928.6354710846949,0.017432270663457802,15.006910323538303,0.1879032022584412,5.611085754221565,0.27869615369835954,,,,,168.23594469565106,0.03142344436740058,0.03620127467533193,0.023886425779677017
,,,,,,3.084351523858667,0.1740341433956882,822.8376922500058,0.017822976028587963,9.041253486176245,1.1775966027307991,7.544319100328464,0.13756820708647938,,,,,180.33064869754207,0.03070460647863946,0.03544364145204037,0.02344084915240666
,,,,,,3.024012957259799,0.1640955142089053,731.8143222434401,0.01830591940953309,7.537036854689557,3.141935051875921,2.212351759027196,0.28399008203153947,,,,,193.294856925525,0.030002212615055094,0.03470218190093617,0.023007624884531844
,,,,,,3.4062422935415126,0.15113201422465902,181.19035945630495,0.02547886034148542,9.468084381859981,0.8222773121107596,2.1556904324480914,1.307818119954766,,,,,207.1910791854676,0.0293158866056523,0.03397651122105677,0.022586300580454435
,,,,,,1.5275884506902409,0.29571032740929626,165.32098936772692,0.026360670249381643,10.001065885345737,0.7640083815541096,1.182794482758111,0.4008168677387597,,,,,222.08631919564468,0.028645260884665798,0.03326625859170221,0.0221764443673249
,,,,,,1.6579609924398744,0.37578726728658346,149.22014243803903,0.026862492116919212,9.823878405673193,0.9141169088533196,4.582483612333521,0.45018767148287436,,,,,238.05239766003083,0.02798997629470826,0.032571066135600873,0.02177764378788723
,,,,,,1.8786897280432464,0.20192263673814745,129.71727412514988,0.02753835631219294,9.646218532447238,0.9742607056410204,1.4549481217598854,5.891123819849878,,,,,255.16629856775384,0.027349681894421742,0.03189058799704073,0.02138950476238578
,,,,,,1.8485832796697956,0.1913237965557177,23.3534031964514,0.04617845086089151,12.50840876856476,0.29221709260017154,0.5075904103681834,2.6407497092773604,,,,,273.51054038847934,0.026724034770528763,0.03122448952085337,0.021011650614653838
,,,,,,2.179859110200101,0.1640957087216043,23.10049405790976,0.04617845086089151,24.82207575364606,0.13436750802364297,0.4158363915856554,1.6510115882636804,,,,,293.17357395351473,0.026112699854183474,0.03057244651990915,0.020643721157889136
,,,,,,2.46111118967264,0.14541764294189974,30.789970187149432,0.03978571572396628,22.172985567127505,0.10880904078562677,0.7764565833097777,8.466631916693576,,,,,314.25020894111464,0.02551534974152342,0.02993414462032736,0.02028537183597166
,,,,,,2.913405121986194,0.16081770081794133,32.57799552434112,0.03335713226753856,9.468084381859981,0.729925001276077,4.535877734342907,0.507470839814934,,,,,336.84207102237866,0.0249316645183266,0.029309278674954965,0.01993627291650073
,,,,,,1.266989746417136,0.31376630288724494,34.363950641973716,0.038716928054379304,7.346780735296198,2.4862520663617027,0.8707179152214496,0.944448157669908,,,,,361.0580918719643,0.024361331588679747,0.028697552236849246,0.01959610873202166
,,,,,,1.5476428192681564,0.2545359635920864,34.363950641973716,0.03978571572396628,6.773027660782367,3.7524319259266146,11.777737539495519,0.05002258202471618,,,,,387.0150344063264,0.023804045507565614,0.02809867708552961,0.019264576966180762
,,,,,,2.119610053726373,0.3660803273712327,40.72723295744162,0.03657631591482671,7.537036854689557,2.9945282554787496,12.76227636474406,0.03890730027792056,,,,,414.8380557820154,0.023259507817280325,0.027512372799666437,0.01894138798179423
,,,,,,2.571641881821399,0.29228658100873134,42.50508654201187,0.037647159529344505,9.823878405673193,8.5,5.698789554260822,0.12414645103368288,,,,,444.6613108686743,0.022727426887592626,0.02693836637066291,0.018626264188041364
,,,,,,2.14973387560155,0.17197523297398426,44.02769970459533,0.04085350229173252,9.468084381859981,1.4013219514959463,17.35238928610812,0.12116750280109141,,,,,476.6285991065051,0.022207517759559574,0.02637639185227468,0.01831893944420037
,,,,,,2.2501587775609164,0.19808331011341979,44.02769970459533,0.04192031040415011,10.354074472618162,0.509819393308789,7.242983798580714,0.45798293077597946,,,,,510.89405786716316,0.021699501992915357,0.02582619004201595,0.01801915849753475
,,,,,,1.05667105645045,0.36136755245745067,49.3484424860381,0.03764713105871739,17.278843075273702,0.13320726244593892,12.835439030573585,0.18882143984114286,,,,,547.6229056612948,0.021203107516950863,0.025287508190626088,0.01772667645311295
,,,,,,1.8986831260786599,0.3377068569652695,51.6250350236613,0.038716928054379304,19.610200136465412,0.1085406152033254,15.552113124787864,0.14541374026669535,,,,,586.9922387762309,0.020718068484804775,0.02476009973633429,0.017441258273504873
,,,,,,1.3471515892200225,0.3377068569652695,51.87783145452595,0.034431338512873506,13.60383396126295,0.22871457198386602,2.854100985906152,0.24361488144020166,,,,,629.1918851850247,0.020244125131087778,0.02424372406106086,0.017162678306446348
,,,,,,0.9765946853199021,0.4036456052824547,57.181320117191824,0.03657631591482671,8.293929484212454,1.422636731485365,1.7052065604616875,1.0618671033754614,,,,,674.425319844138,0.01978102363276367,0.023738146266048272,0.016890719838698977
,,,,,,1.1768332537857968,0.34776322764348466,16.65666984076452,0.05465539619491762,6.964789633732004,3.121285035521669,2.7178054488648016,0.23227163685209504,,,,,722.9106457930724,0.01932851597321311,0.02324313696472352,0.016625174674458114
,,,,,,1.5275884506902409,0.45381174522340323,17.615821653458323,0.05148230130180025,7.91642622666716,1.9784294814848375,4.266779457733548,0.4427989598504334,,,,,774.8816457865679,0.01888635980940681,0.02275847209086296,0.01636584273677723
,,,,,,1.5676984362240973,0.3660803273712327,22.205517800964277,0.0567672663132429,7.537036854689557,2.246589838972624,3.1743712308425476,10.498237731194193,,,,,830.5889095300054,0.018454318342117453,0.022283932720367907,0.01611253169058394
,,,,,,1.467432353164394,0.3027406797593665,24.11177977679347,0.042986196634344415,8.293929484212454,2.4780104531373746,4.046532959496033,0.7526966701649701,,,,,890.3010419532649,0.018032160189100487,0.021819304905166283,0.015865056585960942
,,,,,,1.0766944263603258,0.9439841004017338,26.014890106391785,0.05148230130180025,9.468084381859981,0.4730810765389587,33.11321033469098,0.0436828944916639,,,,,954.3059583489857,0.01761965926117602,0.021364379517936027,0.01562323952045656
,,,,,,0.8865426557734557,0.5329528442898253,26.205033723509377,0.04192034210636725,9.468084381859981,0.6930051994292967,9.33976484731462,0.10793944997395344,,,,,1022.9122726200067,0.017216594641145576,0.020918952106505594,0.015386909319273515
,,,,,,0.9465733174042732,0.3676715536906609,27.725190643403387,0.04724086707710939,12.133401292908754,0.2630256296524269,17.20031140110803,0.05750343271498222,,,,,1096.450785329775,0.016822750465478556,0.02048282275692466,0.015155901232262138
,,,,,,1.266989746417136,0.3893421094192167,29.433284135695285,0.042986196634344415,18.339401914932772,0.11627468439315261,19.30596597183669,0.05179450151585069,,,,,1175.276078730632,0.016437915808705367,0.020055795964320732,0.014930056646716608
,,,,,,1.266989746417136,0.5559791603571586,31.5181503532133,0.04511527041733272,20.741885955246627,0.10637264581758561,14.90848661145462,0.05662175263065815,,,,,1259.768226460805,0.016061884570455074,0.019637680510762673,0.014709222815039153
,,,,,,0.9365670824768666,0.22671773007674162,32.27554853719527,0.044051208879897,8.857011143620374,0.660675894239898,6.2233480436977775,0.20928013941690876,,,,,1350.3346261537777,0.015694455365077162,0.019228289349446585,0.014493252596399013
,,,,,,1.3371302542261316,0.4582236475797604,32.84336388246364,0.04724086707710939,5.129614809649762,0.8300187055878088,13.207011573163895,0.09637465055757335,,,,,1447.4119637963338,0.015335431413788373,0.01882743949460013,0.014282004211570349
,,,,,,0.9665872450906648,0.32015395032031696,33.9783699943822,0.046178468322105294,8.857011143620374,0.8413295657460231,14.894432322997645,0.06003609426306218,,,,,1551.4683193069384,0.014984620439286634,0.01843495191657339,0.014075341010186237
,,,,,,1.0666824322672694,0.3015514360872745,35.4904900148324,0.042986196634344415,9.041253486176245,0.6889634858839108,11.091670284367305,0.2789630498037058,,,,,1663.0054234868776,0.014641834562775966,0.018050651441647164,0.013873131249695324
,,,,,,,,38.5107516882166,0.04405117556621394,8.857011143620374,0.7268353580013628,24.66135067522717,0.12786905957474945,,,,,1782.561077226629,0.014306890203346842,0.017674366656143876,0.013675247885353391
,,,,,,,,11.606063466265468,0.062035291969005,8.669759398141672,0.6884728568726326,33.11589695338933,0.09773148762973033,,,,,1910.7117446321665,0.013979607979658457,0.01730592981447513,0.013481568370624804
,,,,,,,,12.35347863285265,0.06098295765678838,12.695498167965969,0.223969376605206,11.970283100098037,0.6083031143753502,,,,,2048.075332574502,0.013659812613870007,0.016945176750801833,0.013291974467408237
,,,,,,,,12.95072352411707,0.05993000302429292,16.96742248794165,0.13993190165283317,18.789206612441795,0.14874724206361842,,,,,2195.314170064765,0.013347332837769657,0.016591946794019492,0.013106352065537796
,,,,,,,,16.225938061964317,0.05148230130180025,15.161562168037577,0.13424348288131693,4.388933081904289,0.6884322374551717,,,,,2353.1382018204336,0.01304200130105091,0.016246082685814303,0.012924591011045268
,,,,,,,,17.116655297766677,0.04936315206292168,10.177920839976034,0.41323652383253784,6.280218998589892,0.1134988124811477,,,,,2522.3084114212834,0.012743654481687175,0.015907430501563683,0.012746584942700593
,,,,,,,,19.037623028686014,0.05148230130180025,7.346780735296198,1.9410152280367199,7.070710628071007,0.05891236198505239,,,,,2703.640490560552,0.012452132598356626,0.015575839573880142,0.012572231136377746
,,,,,,,,18.154594004154035,0.05148230130180025,5.874968298279499,3.750733979456798,7.103004396572925,0.3326398755905432,,,,,2898.008772083345,0.012167279524870444,0.015251162418619015,0.01240143035682089
,,,,,,,,19.48728193383394,0.057822169870132355,7.726950993777883,1.531075382056355,13.813697449038685,0.0679060641033351,,,,,3106.3504457764516,0.011888942706558506,0.014933254663190142,0.012234086716411132
,,,,,,,,21.704256075050488,0.05571167638090113,7.346780735296198,1.6712854973775828,18.76235847106172,0.041937409334614276,,,,,3329.67007723676,0.011616973078567927,0.014621974977030319,0.012070107540558848
,,,,,,,,23.326991060850798,0.04936313339750071,7.91642622666716,3.225177158734404,11.911430180117963,0.11216416331653685,,,,,3569.0444516071457,0.0113512249860305,0.014317185004108305,0.011909403239368479
,,,,,,,,23.621775686827917,0.046178468322105294,6.773027660782367,2.238111311439609,4.411423472832776,0.4604021809601417,,,,,3825.627765534928,0.011091556106056418,0.01401874929734686,0.011751887185244076
,,,,,,,,25.536044825724918,0.04830240504509138,8.857011143620374,0.6675811083110553,8.692934025893269,0.16443404191572905,,,,,4100.657192387002,0.010837827371512449,0.01372653525485872,0.011597475596123449
,,,,,,,,26.124434887798426,0.03978573076792884,15.9658638256439,0.140036737623756,10.801571039943445,0.11655014889435478,,,,,4395.458847555694,0.010589902896543765,0.013440413057902273,0.011446087424046852
,,,,,,,,28.181658059912998,0.05042310727421146,15.63883156499422,0.14007511186806468,5.848698230071268,0.3655656828839141,,,,,4711.454182618328,0.01034764990379946,0.013160255610472663,0.011297644248783583
,,,,,,,,10.566741140446789,0.07043256828842345,11.054824012824934,0.3011803368642637,9.424286265161912,0.11000648895790559,,,,,5050.16683918127,0.010110938653322951,0.01288593848045142,0.011152070176255883
,,,,,,,,10.984758741367918,0.07252634293127298,7.155951209475513,1.626798513076991,10.161265615879053,0.09603960941613414,,,,,5413.229995456007,0.009879642373068955,0.012617339842244685,0.011009291741514271
,,,,,,,,11.611165460325092,0.05148230130180025,6.408513915661729,4.22658324891185,3.433825210061388,0.14163539671781492,,,,,5802.39424099011,0.009653637191010062,0.012354340420846422,0.010869237816032912
,,,,,,,,12.653623400290204,0.06623853025979452,4.558741872644467,1.630182975369571,6.150648671989574,0.0884606750409038,,,,,6219.536017523117,0.009432802068796325,0.012096823437268072,0.010731839519106464
,,,,,,,,12.966004783279004,0.0567672663132429,9.041253486176245,0.7343202684982084,6.611171109670626,0.05890594384643265,,,,,6666.666666666667,0.009217018736932498,0.011844674555281343,0.01059703013314235
,,,,,,,,14.21398967590605,0.062035291969005,8.482035805073751,1.004753977735905,21.634407413961753,0.13697585323995745,,,,,,,,
,,,,,,,,15.044690865381035,0.05465539619491762,8.669759398141672,0.6397389261241073,6.695784194059634,0.38497471435418795,,,,,,,,
,,,,,,,,15.252214513912802,0.06098295765678838,12.133401292908754,0.26155956398636415,14.716608659857663,0.17072306219918923,,,,,,,,
,,,,,,,,16.081728391771723,0.0567672663132429,16.296665510098748,0.12672242821805405,19.67226010892139,0.1294610869624848,,,,,,,,
,,,,,,,,16.91034784552073,0.05359842607088104,14.230630463189026,0.16850668689660556,5.566574504686894,0.09846665705124466,,,,,,,,
,,,,,,,,17.117364738464445,0.05465539619491762,8.857011143620374,0.7347913721351031,3.36971709645156,0.16494027995582983,,,,,,,,
,,,,,,,,18.0483099690642,0.05887641417921088,7.346780735296198,3.2968589511293103,5.566574504686894,0.09846665705124466,,,,,,,,
,,,,,,,,18.461743932563525,0.05571167638090113,6.0488468383949865,4.519761017145797,15.180361178393099,0.11685439298240428,,,,,,,,
,,,,,,,,18.565067864176765,0.05465539619491762,6.588638512223797,4.094012643639383,3.1227721031065947,0.7270483235460081,,,,,,,,
,,,,,,,,7.802332104717272,0.08400629459309063,7.155951209475513,2.5299107520467214,8.093170296369399,0.17973552607648327,,,,,,,,
,,,,,,,,7.4249364540693605,0.08400629459309063,7.155951209475513,2.773143720041973,11.82789044211838,0.1584050439745729,,,,,,,,
,,,,,,,,8.181732694874103,0.08504714407812047,8.293929484212454,1.1392789710128266,12.973636266636587,0.08515294823520854,,,,,,,,
,,,,,,,,8.710609065785844,0.0777517160714361,8.293929484212454,1.0634021307343855,7.110187442770661,0.4187846878006341,,,,,,,,
,,,,,,,,9.389612470987123,0.07879529583506338,12.133401292908754,0.2435772611205192,12.529557244764252,0.10651132443323681,,,,,,,,
,,,,,,,,9.389612470987123,0.0756630248435862,17.278843075273702,0.1120871759559765,7.90871875692905,0.11197185926591426,,,,,,,,
,,,,,,,,9.841707426307012,0.06938484177168094,16.800114221393546,0.12399082479240815,3.152417092273967,0.27344344950682453,,,,,,,,
,,,,,,,,10.142859598403142,0.06728780877124861,16.464818014791966,0.12678082433568516,5.680479196982628,0.11458865757562442,,,,,,,,
,,,,,,,,10.819779590220872,0.07566299623353703,11.592494233898,0.2596517648892828,7.354901913396491,0.11208083465614894,,,,,,,,
,,,,,,,,10.970085076104127,0.07147962659935131,7.91642622666716,1.3148251618261027,9.348040560992137,0.07891005866436653,,,,,,,,
,,,,,,,,11.120346583325667,0.07357233330853095,6.773027660782367,2.56067823892413,4.368210894096473,0.33148347146392654,,,,,,,,
,,,,,,,,11.796008270929024,0.0651885051644116,6.964789633732004,2.9695386478446224,7.0120126565182375,0.08439887398212303,,,,,,,,
,,,,,,,,12.096038467757644,0.07043243512709892,7.726950993777883,1.5571929515930953,8.401001792705173,0.0828439459737479,,,,,,,,
,,,,,,,,12.845440317784194,0.06098284236110036,7.155951209475513,2.773143720041973,2.213967762848117,2.5042973870768446,,,,,,,,
,,,,,,,,5.636650703397505,0.12308862634161762,6.773027660782367,2.445872208474043,4.3996582014156935,0.48330562107444436,,,,,,,,
,,,,,,,,7.559431905266009,0.10752180769997419,7.726950993777883,1.759958733259433,5.461060964837151,0.24028879137717166,,,,,,,,
,,,,,,,,8.167917473787066,0.10247318450163839,13.068824479491408,0.2614247617897055,2.9888035198290375,0.8375653079227189,,,,,,,,
,,,,,,,,9.643992194637502,0.09215630835044285,14.852016962064706,0.1530725060517114,5.163660648499605,0.24712447867373746,,,,,,,,
,,,,,,,,11.28790771631262,0.08519500825664843,15.9658638256439,0.13192898431507907,6.328510979079511,0.24569013825681224,,,,,,,,
,,,,,,,,12.754731031596314,0.08075446459563576,19.31027591576629,0.09443559648726776,5.144860416167552,0.3695400907825737,,,,,,,,
,,,,,,,,13.787549560950248,0.0699367506275329,12.321072443455687,0.22624641126024914,2.1222562857060403,1.1215698360890878,,,,,,,,
,,,,,,,,14.47553830611061,0.07595044238245154,7.537036854689557,1.9925939579566552,3.796083011489615,0.4641670036818305,,,,,,,,
,,,,,,,,15.334307836678605,0.07021624748533788,7.726950993777883,2.0049423461152887,4.355971823196717,0.4131843401629855,,,,,,,,
,,,,,,,,16.7922505194421,0.07001467396940672,7.726950993777883,1.9299847664123309,4.077538653908951,0.24434967814754835,,,,,,,,
,,,,,,,,17.819348182462512,0.0652304472476616,8.857011143620374,1.0925776331975512,6.174418184789233,0.07044646681248513,,,,,,,,
,,,,,,,,18.930551588407745,0.0627278049797008,8.669759398141672,0.785985211421621,6.869782315748537,0.05429837309157734,,,,,,,,
,,,,,,,,20.2119059350406,0.06275549107813351,8.293929484212454,1.5160752088611347,4.758181948614869,0.7385562567909277,,,,,,,,
,,,,,,,,21.661781831308772,0.06471988746490956,11.054824012824934,0.38264258501304405,7.309444309883304,0.11566151156636721,,,,,,,,
,,,,,,,,22.513513049627722,0.06099142095550386,15.9658638256439,0.1415477589957731,10.862134825729512,0.05433007410212224,,,,,,,,
,,,,,,,,24.214973363813133,0.06566674807552922,23.57386388796165,0.09350660125982191,8.976875973725575,1.001617442922718,,,,,,,,
,,,,,,,,25.064754211047884,0.0626562146971681,15.006910323538303,0.17288825617414458,11.031169056265725,0.08608408508696863,,,,,,,,
,,,,,,,,4.582963854690685,0.157278225789065,9.823878405673193,0.5454122058570314,13.482633945892701,0.02,,,,,,,,
,,,,,,,,5.81274155470692,0.13494345687811604,7.155951209475513,2.9080882807990793,6.308753099679149,0.24122277578593068,,,,,,,,
,,,,,,,,6.424431797199578,0.1317494528464611,6.588638512223797,3.185274541323299,15.404612892871922,0.10776529095036722,,,,,,,,
,,,,,,,,7.90725626208706,0.10941950214176913,7.91642622666716,1.4932089421796078,16.923181609809152,0.0696801375626417,,,,,,,,
,,,,,,,,9.297636809605477,0.08994776067793682,9.22512808074487,0.5206356302243438,4.805902123280585,0.17537833160505417,,,,,,,,
,,,,,,,,10.423417249733276,0.08936942634821284,7.537036854689557,1.9925939579566552,9.668501454037258,0.06551129036830085,,,,,,,,
,,,,,,,,11.978703460538235,0.08477753805483042,9.041253486176245,0.7423220540312712,10.028384167836254,0.05507868469860867,,,,,,,,
,,,,,,,,12.496522034616877,0.07747464702470017,11.412003985764688,0.3337741080143695,14.937089426760219,0.03794755846480152,,,,,,,,
,,,,,,,,13.701628165925602,0.07778150381420705,19.158142322684714,0.11800040162815846,4.594737783224811,0.3746115524472946,,,,,,,,
,,,,,,,,14.905580856775115,0.07881138647724453,17.534934077462456,0.1025015902054494,9.594333267166217,0.0865320815763235,,,,,,,,
,,,,,,,,15.334307836678605,0.0732885665416172,12.133401292908754,0.2516372409506899,13.779837240415674,0.04418496830628702,,,,,,,,
,,,,,,,,16.534479998808234,0.07100271726621606,9.289428930736955,0.6726950363720909,3.4959488431024925,0.2866400601864847,,,,,,,,
,,,,,,,,17.305428578269705,0.0703795899659091,7.155951209475513,3.756325635301641,6.976641237473737,0.0746526103491756,,,,,,,,
,,,,,,,,3.4171504850599903,0.18552434949331886,6.227770840946823,3.9816490850977484,8.898713208321277,0.07309840247340378,,,,,,,,
,,,,,,,,3.24014245563564,0.20524896184678337,6.773027660782367,4.089171305605579,3.5204144179257493,0.2670919050454197,,,,,,,,
,,,,,,,,3.7684233539584726,0.16012739769925977,7.346780735296198,2.658344518063063,5.879320813512411,0.0726764493185137,,,,,,,,
,,,,,,,,4.645907894902985,0.15390813268711007,7.346780735296198,2.5990945501652263,6.948397448934007,0.06677570343114861,,,,,,,,
,,,,,,,,5.344713747644433,0.1425373602300005,9.823878405673193,0.4830776801453772,33.68426035722459,0.12505161104043905,,,,,,,,
,,,,,,,,5.475586806602103,0.12414659791407712,9.289428930736955,0.731102209540315,20.57454677176906,0.032552509898289526,,,,,,,,
,,,,,,,,5.780344989777106,0.12075160764189466,13.917995866334124,0.2146716239997795,40.97472509024347,0.08646308522955312,,,,,,,,
,,,,,,,,6.241172635600219,0.11777058557451292,17.134397389560924,0.14134479666213157,15.398521359116305,0.058525548157873,,,,,,,,
,,,,,,,,7.0843895216349,0.11995366805360956,21.874036672729673,0.10962342419149115,13.336760375423296,0.09033764669209961,,,,,,,,
,,,,,,,,7.517547755688904,0.10512028638613695,13.761186877349694,0.18184292461785645,11.540010392220404,0.23683019224276464,,,,,,,,
,,,,,,,,7.863269146987824,0.09656484804935964,8.482035805073751,0.9543747803840423,76.41175739350199,0.2815485906208853,,,,,,,,
,,,,,,,,8.122885000277115,0.10149144145879159,6.964789633732004,3.371803277489851,5.628144947093159,0.08104032939956088,,,,,,,,
,,,,,,,,8.64160360515192,0.09630241728269179,7.537036854689557,2.0317898902922065,12.810211052359868,0.12453786367265483,,,,,,,,
,,,,,,,,8.815076888887265,0.08965919511817305,9.041253486176245,0.7504506333048341,2.9879549435669404,0.36519461471395803,,,,,,,,
,,,,,,,,9.33186623199407,0.092069476780299,11.772628671708931,0.25644918380907505,2.726777975776441,0.3062407220912453,,,,,,,,
,,,,,,,,9.590570276050203,0.0910526883346898,9.041253486176245,0.8694003098241421,17.22806892787489,0.16664140068346547,,,,,,,,
,,,,,,,,10.279383918701846,0.09088201048583669,8.669759398141672,0.8839114330954757,14.278989386007456,0.13753074212786048,,,,,,,,
,,,,,,,,10.537570338644297,0.08447265348913466,10.354074472618162,0.3789030067285651,8.040404085717167,0.15597566775341087,,,,,,,,
,,,,,,,,10.968298222989791,0.0854096969043571,19.46046960720663,0.10985505680811689,10.35549154473645,0.1082873487828081,,,,,,,,
,,,,,,,,11.139849484673935,0.08435675460078819,16.63253394555763,0.11957613893919553,5.358145113077534,0.18988387837392878,,,,,,,,
,,,,,,,,11.397605792931996,0.07838591474950975,8.669759398141672,0.7513040508454211,16.078243383524832,0.04575081762981495,,,,,,,,
,,,,,,,,11.99786065991798,0.08033490464565271,6.588638512223797,2.9486569028032577,10.033741886709677,0.2027546422156264,,,,,,,,
,,,,,,,,12.42744189110564,0.0787870432064166,14.852016962064706,0.16830263859937775,7.094197666964689,0.11468545259542952,,,,,,,,
,,,,,,,,13.02663953131782,0.08092389900628655,9.289428930736955,0.4759780488330451,3.638870840588276,0.16869318576316508,,,,,,,,
,,,,,,,,13.283561816001964,0.07665375539788284,9.22512808074487,0.6165867757389165,7.057648173032196,0.1603778821616619,,,,,,,,
,,,,,,,,2.666145187613819,0.22017063706116932,8.482035805073751,1.3481241704179958,9.175346277779083,0.10087807553618108,,,,,,,,
,,,,,,,,3.417152630955146,0.17578163195342986,8.293929484212454,0.956835967031649,4.965615246868108,0.06264884918628398,,,,,,,,
,,,,,,,,4.03197028658651,0.1638785671473412,16.296665510098748,0.14250620011499038,8.189466575645621,0.12388346136509644,,,,,,,,
,,,,,,,,4.820533292022498,0.14009532583760784,18.0064532184289,0.12172925362863614,143.5131756268193,0.27717561616564246,,,,,,,,
,,,,,,,,5.606393980357547,0.13234707240826785,15.9658638256439,0.14256608261479975,76.64717862666681,0.6654629279168865,,,,,,,,
,,,,,,,,6.30263081352977,0.12510746276878967,9.823878405673193,0.504064952028506,11.023340844272486,0.4489561560935968,,,,,,,,
,,,,,,,,7.170416412521471,0.10944892316028129,6.964789633732004,2.4063972391804214,6.452180356051087,0.6437958392795814,,,,,,,,
,,,,,,,,7.690446249629057,0.10328473442222146,4.367016762639139,0.634093881644363,3.999438274347928,0.5664919971966227,,,,,,,,
,,,,,,,,8.296578254015362,0.10243878237616129,2.417038818927834,0.17641760176229984,2.4236494574854435,3.2565571252829604,,,,,,,,
,,,,,,,,8.728347207369401,0.09649706618879605,7.726950993777883,4.2948881699190835,8.752142081595858,0.4442244132547322,,,,,,,,
,,,,,,,,9.331863497232426,0.09743488199856395,7.155951209475513,3.377494874253939,4.2861365416412776,0.8083610905061055,,,,,,,,
,,,,,,,,9.849122546047573,0.09606263669439669,8.857011143620374,0.9034836254739855,5.6700425620284625,0.2907468653260369,,,,,,,,
,,,,,,,,10.710328604546685,0.09043800666131306,10.354074472618162,0.46198993687529777,2.9080358671296986,0.8856487548984089,,,,,,,,
,,,,,,,,2.4442054309592134,0.2273660413297752,14.541531872624521,0.17737871642141012,34.152869855614874,0.11961833865512184,,,,,,,,
,,,,,,,,3.636509927246367,0.19074543355427914,18.995045287978694,0.11456490411860741,29.357379952515743,0.07479653553219766,,,,,,,,
,,,,,,,,4.383169896918974,0.15001993548511133,8.857011143620374,0.6889131488726906,11.562775969459224,0.12887956828173833,,,,,,,,
,,,,,,,,4.820533292022498,0.13905473130976057,1.8183576464023874,0.2215353370999844,4.055434179795827,0.20508821544854136,,,,,,,,
,,,,,,,,5.082765441100701,0.1321728849638006,2.0190648398182898,0.17656338926341378,38.93549891129177,0.07385719225201677,,,,,,,,
,,,,,,,,5.823546169464837,0.1276929404483412,7.537036854689557,1.655425635417287,39.01708332287074,0.24289930624064263,,,,,,,,
,,,,,,,,6.519262500081296,0.124692001363475,6.964789633732004,6.413714667200932,5.781039819778445,1.863083542177695,,,,,,,,
,,,,,,,,7.0843895216349,0.11736732813004323,7.346780735296198,3.1365894816317117,7.826193287489062,0.4939005121859308,,,,,,,,
,,,,,,,,7.3445635953188475,0.11092146438452184,7.91642622666716,1.6237473003590819,8.263354744949508,0.4525974423941718,,,,,,,,
,,,,,,,,7.603470235739109,0.11121401845633948,9.468084381859981,0.633221936687153,9.46963398749855,1.1017936055212976,,,,,,,,
,,,,,,,,8.296578254015362,0.10006876190343615,14.541531872624521,0.17887867526135198,12.782007666510303,0.24710909392123723,,,,,,,,
,,,,,,,,8.815074305573969,0.110913789238515,15.9658638256439,0.16048243691073555,13.636048142330019,0.21090528956186494,,,,,,,,
,,,,,,,,9.246307684239861,0.10553620134878026,9.468084381859981,0.6458299536794517,12.925614379920583,0.12323537477578814,,,,,,,,
,,,,,,,,2.3561926432893503,0.2532111967784454,7.155951209475513,2.8394197833512065,24.05826927564763,0.10489903797532162,,,,,,,,
,,,,,,,,3.417151629537238,0.1975459249003348,6.588638512223797,3.2704612998341265,27.653353167533524,0.09572621705652185,,,,,,,,
,,,,,,,,4.120098469107723,0.15551988411901843,7.537036854689557,1.6264650749835938,5.345137680988591,0.23007952597219208,,,,,,,,
,,,,,,,,4.47005894665091,0.15493334559116614,8.857011143620374,0.9145084539386408,12.672298064983494,0.04783950828498548,,,,,,,,
,,,,,,,,4.951682770654426,0.13835293497633416,7.91642622666716,1.1665021523422558,1.7138519205647058,0.16245239027046376,,,,,,,,
,,,,,,,,5.518832970839774,0.13559011609356156,10.354074472618162,0.3681314322167964,3.2370710387840482,0.2932852383457159,,,,,,,,
,,,,,,,,5.745777625983738,0.12195368452934592,10.177920839976034,0.4228816306704736,2.347901093915952,0.1991446709364055,,,,,,,,
,,,,,,,,5.9984362856003735,0.12118069679345012,11.592494233898,0.32427625798657694,5.685666275650109,0.1276423794906629,,,,,,,,
,,,,,,,,6.563426862929589,0.11654071156223834,16.800114221393546,0.12604193057398197,3.26044125611653,0.34919572860360787,,,,,,,,
,,,,,,,,7.084382700085034,0.11227197795801658,9.289428930736955,0.7233945918980369,4.453919106847308,0.17838734179371468,,,,,,,,
,,,,,,,,7.603462914367071,0.1097877302140393,6.773027660782367,3.2766866847160365,7.748666507122291,0.10288632529374389,,,,,,,,
,,,,,,,,8.037071837941458,0.10482433841742837,7.155951209475513,2.8394197833512065,3.183430228195977,0.11033786368191847,,,,,,,,
,,,,,,,,8.469117519848352,0.1092931355792573,7.346780735296198,2.5417170732450765,10.618954308962167,0.08206432455253887,,,,,,,,
,,,,,,,,2.444202361147875,0.23669646293989,7.155951209475513,2.5876781113596947,2.678268322685494,0.6316693205678819,,,,,,,,
,,,,,,,,3.152654621391699,0.18532354483637256,3.592531648939512,0.2490081164985411,3.133600596243388,0.1746231714447006,,,,,,,,
,,,,,,,,3.856673614098056,0.17493316980669235,6.588638512223797,3.024518513718132,6.306023899250452,0.22555434702232802,,,,,,,,
,,,,,,,,4.557997732102103,0.14241625150317544,8.105367373064468,1.11275434305823,4.9852938353678615,0.13597803275521142,,,,,,,,
,,,,,,,,4.99363416831275,0.14241625150317544,11.412003985764688,0.2540702323037921,5.965289702889561,0.19182135625659588,,,,,,,,
,,,,,,,,5.222426993167117,0.137834424508965,16.12875812908962,0.14561910859603366,5.863069817978181,0.13386499866753304,,,,,,,,
,,,,,,,,5.43124297461749,0.13304456124815808,19.759964012929384,0.111906695103739,5.580479220632822,0.10998765671324778,,,,,,,,
,,,,,,,,5.692837849166789,0.1240980215303802,6.964789633732004,2.1152857980218083,15.328149352880033,0.11583581066578305,,,,,,,,
,,,,,,,,6.128993992460483,0.11387043288559025,7.537036854689557,1.4199511518093335,6.136671543946238,0.14338096715130833,,,,,,,,
,,,,,,,,6.824005074606139,0.120659091985607,7.726950993777883,1.4329907097517143,15.17040901904214,0.0869824095170061,,,,,,,,
,,,,,,,,,,9.22512808074487,0.8570386449368812,0.6674098099320533,0.4462913136384429,,,,,,,,
,,,,,,,,,,9.289428930736955,0.6396688165508989,1.0272974687553287,0.4836404789668369,,,,,,,,
,,,,,,,,,,9.468084381859981,0.6270639817238709,1.0753747118127859,0.32417330520171567,,,,,,,,
,,,,,,,,,,9.22512808074487,0.6479410968048078,1.147474996574348,0.3277856908753918,,,,,,,,
,,,,,,,,,,16.464818014791966,0.13475203089674395,1.147474996574348,0.2929237036895644,,,,,,,,
,,,,,,,,,,17.672217667145354,0.1272443144676378,1.2676683750402455,0.29484022517954067,,,,,,,,
,,,,,,,,,,15.006910323538303,0.16604502775923463,1.339850438187377,0.2986493723432063,,,,,,,,
,,,,,,,,,,9.22512808074487,0.6747844275209272,1.5564596942428892,0.3897405249058067,,,,,,,,
,,,,,,,,,,7.726950993777883,1.4808441515092499,1.5564596942428892,0.3835229385730684,,,,,,,,
,,,,,,,,,,7.537036854689557,1.4677563574662258,1.6045956060339266,0.3147810733311196,,,,,,,,
,,,,,,,,,,7.155951209475513,2.130257143628792,1.7009577474270146,0.2719716763649708,,,,,,,,
,,,,,,,,,,7.91642622666716,1.256051877362148,1.893659040674728,0.30092986954937045,,,,,,,,
,,,,,,,,,,7.346780735296198,1.9792969907249964,2.014225569889693,0.2924396955296984,,,,,,,,
,,,,,,,,,,7.346780735296198,2.4862520663617027,2.086482162048471,0.23548858563617142,,,,,,,,
,,,,,,,,,,11.054824012824934,0.3011803368642637,3.998221664491976,0.1772926224355877,,,,,,,,
,,,,,,,,,,16.12875812908962,0.13517057077799788,3.782824572072453,0.10394744911743503,,,,,,,,
,,,,,,,,,,12.695498167965969,0.21203330145245486,4.213601765850159,0.14757865950485458,,,,,,,,
,,,,,,,,,,7.91642622666716,0.9738376483002186,4.716401099567352,0.12362295289313395,,,,,,,,
,,,,,,,,,,7.155951209475513,2.9080882807990793,5.507036450609382,0.07979745578734161,,,,,,,,
,,,,,,,,,,6.773027660782367,3.033364697770286,5.722940516847344,0.09217407043317048,,,,,,,,
,,,,,,,,,,6.408513915661729,3.3547655435713217,5.7948141783766225,0.0921798090939296,,,,,,,,
,,,,,,,,,,8.293929484212454,0.8549764359068527,5.86675747428834,0.09946245867246506,,,,,,,,
,,,,,,,,,,7.537036854689557,1.310192762457719,5.722940516847344,0.07576875513093183,,,,,,,,
,,,,,,,,,,9.041253486176245,0.6347157782146404,5.86675747428834,0.08137178976643167,,,,,,,,
,,,,,,,,,,9.646218532447238,0.4822156619027595,5.938630261765152,0.09683813631880259,,,,,,,,
,,,,,,,,,,17.406900278747138,0.11794533169545884,6.082560209455882,0.10316212628482858,,,,,,,,
,,,,,,,,,,17.83963470348006,0.12057066349245878,6.0105910759077945,0.07603041732827678,,,,,,,,
,,,,,,,,,,8.482035805073751,0.9543747803840423,6.082560209455882,0.08440544226473744,,,,,,,,
,,,,,,,,,,1.7579019548774104,0.11388472409771513,5.938630261765152,0.0720880421393149,,,,,,,,
,,,,,,,,,,6.227770840946823,3.864408347583777,6.370387213956264,0.09975003853484206,,,,,,,,
,,,,,,,,,,9.22512808074487,0.5253591000436773,6.442350935684619,0.08962305708853169,,,,,,,,
,,,,,,,,,,7.346780735296198,2.8489385742798867,6.5864326865001175,0.09168580398979309,,,,,,,,
,,,,,,,,,,9.041253486176245,0.7343202684982084,1.3361867139592376,0.4941081099980232,,,,,,,,
,,,,,,,,,,10.529906405704986,0.33054834802197697,1.6050024780337553,0.5342789157907455,,,,,,,,
,,,,,,,,,,10.529906405704986,0.3589481457945316,1.6050024780337553,0.38088469314758655,,,,,,,,
,,,,,,,,,,14.541531872624521,0.17887867526135198,1.5666106142807399,0.321771750117485,,,,,,,,
,,,,,,,,,,15.474894699897945,0.14911019079110252,2.6054343550656767,0.17422884538969027,,,,,,,,
,,,,,,,,,,8.105367373064468,0.8453192701832036,3.801026743941604,0.14933703251896238,,,,,,,,
,,,,,,,,,,8.293929484212454,0.9692728427503923,4.302991459004143,0.10641604534669165,,,,,,,,
,,,,,,,,,,10.001065885345737,0.3878797745360573,1.5276852367095142,0.2565042441669539,,,,,,,,
,,,,,,,,,,10.529906405704986,0.34430960118910453,1.5835155451122884,0.2566520016930318,,,,,,,,
,,,,,,,,,,8.669759398141672,0.9282452280360836,1.7651838405705633,0.23578106712860009,,,,,,,,
,,,,,,,,,,9.041253486176245,0.9116989893882682,1.8769549765734823,0.2441500958921425,,,,,,,,
,,,,,,,,,,8.293929484212454,1.0779568058175122,2.254593682265578,0.22692940487281377,,,,,,,,
,,,,,,,,,,13.253557594356227,0.22488765113939455,2.4786245787202272,0.2201120936080935,,,,,,,,
,,,,,,,,,,14.541531872624521,0.1667136311279762,0.978266073562772,0.4060931218455894,,,,,,,,
,,,,,,,,,,6.588638512223797,2.6720243173799685,1.9022178450931406,0.18186288898435063,,,,,,,,
,,,,,,,,,,7.155951209475513,1.9266112262097441,2.560952689756567,0.12431708897154095,,,,,,,,
,,,,,,,,,,6.773027660782367,1.857286693827183,3.4473284756694285,0.11751829732129986,,,,,,,,
,,,,,,,,,,8.293929484212454,1.3174937307825991,3.5506401105052867,0.11174379051151831,,,,,,,,
,,,,,,,,,,8.857011143620374,0.8315969740895622,3.6331307777389266,0.1038863926759801,,,,,,,,
,,,,,,,,,,10.354074472618162,0.4019079571243955,3.6331307777389266,0.09557622655299725,,,,,,,,
,,,,,,,,,,15.006910323538303,0.15712576111432897,4.810420679475424,0.07501746802319752,,,,,,,,
,,,,,,,,,,21.727470285207907,0.09779281289956092,5.265189879228544,0.07099821011570391,,,,,,,,
,,,,,,,,,,8.857011143620374,0.7189975912209542,4.586497513784205,0.3462758381632662,,,,,,,,
,,,,,,,,,,6.0488468383949865,3.641674462595628,4.671274748004014,0.34301713219621,,,,,,,,
,,,,,,,,,,7.726950993777883,1.2252856782898733,4.798175168051464,0.32027654989123117,,,,,,,,
,,,,,,,,,,7.537036854689557,1.2897404888849215,4.882736852024508,0.314390593979927,,,,,,,,
,,,,,,,,,,9.289428930736955,0.437564283574511,4.755850217331946,0.2480020297214999,,,,,,,,
,,,,,,,,,,14.230630463189026,0.18495536925904807,4.755850217331946,0.26610434882325523,,,,,,,,
,,,,,,,,,,17.406900278747138,0.11363698361560452,5.136848949108728,0.34429012418114924,,,,,,,,
,,,,,,,,,,7.91642622666716,1.2373685739574884,5.941521809550234,0.27526786042499757,,,,,,,,
,,,,,,,,,,6.773027660782367,3.550441302606518,0.8068049266750444,1.7600216924641232,,,,,,,,
,,,,,,,,,,6.773027660782367,3.550441302606518,0.8261102463800214,1.016355497934347,,,,,,,,
,,,,,,,,,,10.88037923140789,0.3372722120393781,0.9227520566983112,0.6910220743436456,,,,,,,,
,,,,,,,,,,22.172985567127505,0.10377785620607657,0.903421069756676,0.5754675546603718,,,,,,,,
,,,,,,,,,,25.0,0.09697278673390912,0.980736201388765,0.488252222525962,,,,,,,,
,,,,,,,,,,6.773027660782367,3.192432581070218,1.0000839222285556,0.45188124795257995,,,,,,,,
,,,,,,,,,,6.773027660782367,4.089171305605579,1.038751434548098,0.44971670836896566,,,,,,,,
,,,,,,,,,,7.346780735296198,1.7986004197064034,1.1354745174236995,0.39975462803244444,,,,,,,,
,,,,,,,,,,11.054824012824934,0.3720628568427707,1.3290510238045283,0.37185370096823106,,,,,,,,
,,,,,,,,,,7.155951209475513,2.317267699638382,1.4065719413932651,0.3592679474279407,,,,,,,,
,,,,,,,,,,4.367016762639139,0.8251779080756686,1.4646647429493864,0.34886299527943954,,,,,,,,
,,,,,,,,,,7.537036854689557,1.0185493523002718,1.2723522726812453,0.19008347274712953,,,,,,,,
,,,,,,,,,,9.041253486176245,0.5054335833495206,1.8428036008912674,0.13197517999578295,,,,,,,,
,,,,,,,,,,23.57386388796165,0.09373099841354741,1.9710293022626506,0.13671600495301348,,,,,,,,
,,,,,,,,,,7.346780735296198,1.7654394983342911,2.274227997512919,0.11976690700342277,,,,,,,,
,,,,,,,,,,6.964789633732004,3.371803277489851,2.239311123968084,0.10614063070510131,,,,,,,,
,,,,,,,,,,8.105367373064468,1.4115150708158306,2.612719572890994,0.10389286053361353,,,,,,,,
,,,,,,,,,,11.95234421574931,0.3048579880168549,4.249549196530819,0.07347767558718112,,,,,,,,
,,,,,,,,,,18.504115416677774,0.13338500337272655,4.764861844559865,0.059204437144991115,,,,,,,,
,,,,,,,,,,7.726950993777883,1.505628083400624,7.487939060047193,0.09530809651947349,,,,,,,,
,,,,,,,,,,10.177920839976034,0.527202682359991,8.609498413507145,0.09028212526106805,,,,,,,,
,,,,,,,,,,13.761186877349694,0.22916249190080878,1.8710317930518323,0.21994343365564636,,,,,,,,
,,,,,,,,,,8.669759398141672,0.8946974303765147,1.9442740966439773,0.21792956628666127,,,,,,,,
,,,,,,,,,,16.96742248794165,0.1438787857684724,1.9931941623094798,0.1965465329045576,,,,,,,,
,,,,,,,,,,8.482035805073751,1.0451994745328828,2.0176534155489967,0.20311550449042542,,,,,,,,
,,,,,,,,,,6.964789633732004,3.121285035521669,2.0176534155489967,0.18970294633816118,,,,,,,,
,,,,,,,,,,4.9400201097998595,0.41750387359520086,2.066504806243583,0.1985890803272776,,,,,,,,
,,,,,,,,,,3.3969886575808403,0.08198813900242322,2.188792835485564,0.19783787285354226,,,,,,,,
,,,,,,,,,,7.537036854689557,1.846387256451023,2.2131895396393966,0.17966001081734492,,,,,,,,
,,,,,,,,,,12.321072443455687,0.25844882502890487,2.2376161074947407,0.1917803092529127,,,,,,,,
,,,,,,,,,,8.669759398141672,1.0548554520246223,2.359980406832477,0.19985028808615352,,,,,,,,
,,,,,,,,,,8.293929484212454,1.7940577799106496,2.3843902685561926,0.20277042145210927,,,,,,,,
,,,,,,,,,,8.293929484212454,1.0491546938633916,2.3843902685561926,0.18962324330190206,,,,,,,,
,,,,,,,,,,12.133401292908754,0.23218306314013928,2.4088897388785413,0.19619581447321588,,,,,,,,
,,,,,,,,,,9.041253486176245,0.6411518411785978,2.3843902685561926,0.18171505234661214,,,,,,,,
,,,,,,,,,,15.802551450536896,0.16893609678040525,2.457748995121222,0.1926456429432464,,,,,,,,
,,,,,,,,,,15.63883156499422,0.15474648299764382,2.4822469047471762,0.19010566284638286,,,,,,,,
,,,,,,,,,,7.733209839402787,1.1546242069026378,2.506760191687459,0.1830833994198449,,,,,,,,
,,,,,,,,,,6.773027660782367,2.502279231319013,11.336858382278802,0.17862558267259743,,,,,,,,
,,,,,,,,,,6.408513915661729,4.64280395116824,12.78269903039208,0.1533303747235518,,,,,,,,
,,,,,,,,,,7.537036854689557,3.3006282579801365,23.56565499053727,0.10321914230499181,,,,,,,,
,,,,,,,,,,9.468084381859981,0.6458299536794517,24.855689940786167,0.10178255394834139,,,,,,,,
,,,,,,,,,,15.161562168037577,0.1684731745676031,3.068856352610606,0.14192613087529501,,,,,,,,
,,,,,,,,,,16.296665510098748,0.15096893378277723,2.8315080211915156,0.19714396354002617,,,,,,,,
,,,,,,,,,,6.773027660782367,2.958223671790152,2.2387661572640414,0.7328395793162694,,,,,,,,
,,,,,,,,,,5.874968298279499,7.354623956454742,1.7651838405705633,1.5718110529657037,,,,,,,,
,,,,,,,,,,6.773027660782367,5.60959602053733,7.476860308569788,0.06767078235714809,,,,,,,,
,,,,,,,,,,6.588638512223797,2.875614216870074,8.061905196040009,0.060945323704667244,,,,,,,,
,,,,,,,,,,6.964789633732004,2.4063972391804214,5.108863753903951,0.07621109355198293,,,,,,,,
,,,,,,,,,,7.726950993777883,1.6113967901432875,1.3497516840018735,0.2255271416304089,,,,,,,,
,,,,,,,,,,11.231066474013979,0.3139221310155261,18.18050999472695,0.08504864148853222,,,,,,,,
,,,,,,,,,,6.773027660782367,2.7224736502528897,6.660026435916662,0.054275348628851305,,,,,,,,
,,,,,,,,,,7.726950993777883,1.4808441515092499,0.5630378252436214,0.29147294297790033,,,,,,,,
,,,,,,,,,,11.772628671708931,0.2983519196757224,7.795801436381422,0.08538586372064899,,,,,,,,
,,,,,,,,,,17.134397389560924,0.14232439260893778,4.690183231434141,0.12255109332264656,,,,,,,,
,,,,,,,,,,17.672217667145354,0.12806847025467416,3.256178610957838,0.200398490181145,,,,,,,,
,,,,,,,,,,6.773027660782367,1.8945745277182267,8.826182495747771,0.055612541334690124,,,,,,,,
,,,,,,,,,,6.227770840946823,3.4431431791642946,2.9584060707671003,0.0842384384021434,,,,,,,,
,,,,,,,,,,7.346780735296198,2.5417170732450765,3.5515044172270858,0.15137471026861124,,,,,,,,
,,,,,,,,,,10.88037923140789,0.33059933821584153,7.626913995345561,0.08830832309430398,,,,,,,,
,,,,,,,,,,14.541531872624521,0.18116401127935555,4.42124691355615,0.08066249793740837,,,,,,,,
,,,,,,,,,,19.158142322684714,0.12497995267931061,4.008669513083379,0.10819342783611874,,,,,,,,
,,,,,,,,,,7.346780735296198,1.6415476572104348,8.391209760498842,0.1828619804158536,,,,,,,,
,,,,,,,,,,7.346780735296198,1.4786997923956795,11.715474069243633,0.1598296656637698,,,,,,,,
,,,,,,,,,,7.726950993777883,1.1055620492782994,19.536998110853236,0.0927926651089396,,,,,,,,
,,,,,,,,,,8.105367373064468,1.3894980637041319,3.415960834587866,0.21647507210066178,,,,,,,,
,,,,,,,,,,9.22512808074487,0.7259331174079773,0.8198894587555403,0.16142719177303225,,,,,,,,
,,,,,,,,,,12.50840876856476,0.229774451449885,6.475363740468414,0.1421422224407805,,,,,,,,
,,,,,,,,,,7.537036854689557,1.846387256451023,3.079654043814188,0.13538409715605546,,,,,,,,
,,,,,,,,,,6.964789633732004,2.16000988072633,3.474236128486238,0.08482918782811147,,,,,,,,
,,,,,,,,,,7.537036854689557,1.4435401600291173,4.627859690334617,0.07412355817830191,,,,,,,,
,,,,,,,,,,9.289428930736955,0.7158205307649849,2.297354794696427,0.23305200631553968,,,,,,,,
,,,,,,,,,,10.705421379480661,0.29699017922670495,2.094927868095885,0.1531747364232101,,,,,,,,
,,,,,,,,,,16.296665510098748,0.1435238451626933,6.871315206648397,0.06324402114567104,,,,,,,,
,,,,,,,,,,6.773027660782367,2.621232739072512,2.112964569248588,0.16948995688209345,,,,,,,,
,,,,,,,,,,7.155951209475513,1.8180814360498994,3.885457897587784,0.14155220320627515,,,,,,,,
,,,,,,,,,,7.346780735296198,2.380602667189814,2.4021403916014457,0.41821311749705337,,,,,,,,
,,,,,,,,,,6.773027660782367,3.550441302606518,4.497781891292895,0.11904674894073675,,,,,,,,
,,,,,,,,,,13.43627512946173,0.22252581396852156,8.478546669861862,0.059402423373754315,,,,,,,,
,,,,,,,,,,14.696582717345443,0.18870539106272785,13.921141898684636,0.10213762976821161,,,,,,,,
,,,,,,,,,,7.155951209475513,3.0530984160742727,5.344794380488311,0.1097187934136691,,,,,,,,
,,,,,,,,,,8.857011143620374,0.5634313253993598,4.590856341010318,0.11901756975667915,,,,,,,,
,,,,,,,,,,10.529906405704986,0.43451026702573875,4.139312967903037,0.13512726848959095,,,,,,,,
,,,,,,,,,,9.041253486176245,0.829966485151439,8.44096911897748,0.07285760289878829,,,,,,,,
,,,,,,,,,,12.321072443455687,0.2501239614291348,2.938422315906264,0.30136460093821327,,,,,,,,
,,,,,,,,,,19.158142322684714,0.11158464508191893,6.111704271522814,0.1509606156652891,,,,,,,,
,,,,,,,,,,8.669759398141672,0.9885398333090909,3.113548893300902,0.10331155906000994,,,,,,,,
,,,,,,,,,,6.773027660782367,3.033364697770286,4.027155119411027,0.10732840721537754,,,,,,,,
,,,,,,,,,,7.346780735296198,2.10099951210312,3.950553927807335,0.11601759511359593,,,,,,,,
,,,,,,,,,,7.346780735296198,3.6566053293573857,7.119880434474523,0.16034293970221447,,,,,,,,
,,,,,,,,,,10.001065885345737,0.570695684989241,6.006488126456098,0.10545315691706973,,,,,,,,
,,,,,,,,,,15.161562168037577,0.1600287130183143,1.2480831397715364,0.07740262584905276,,,,,,,,
,,,,,,,,,,9.468084381859981,0.5444610560406903,6.03186152575362,0.08717520321797398,,,,,,,,
,,,,,,,,,,6.227770840946823,3.864408347583777,20.411610370192946,0.11493562413004325,,,,,,,,
,,,,,,,,,,2.810606853547668,0.6024172516967552,11.56136890474469,0.06057508830954981,,,,,,,,
,,,,,,,,,,3.8843909679466515,0.9908799538013002,1.3300218240056758,1.6179288977158306,,,,,,,,
,,,,,,,,,,6.773027660782367,2.502279231319013,1.6839656287077256,1.3595239967087676,,,,,,,,
,,,,,,,,,,10.705421379480661,0.39494337155375653,1.8770818803124945,0.9281272383515604,,,,,,,,
,,,,,,,,,,15.161562168037577,0.1600287130183143,2.047486863506358,0.8968604179991074,,,,,,,,
,,,,,,,,,,11.054824012824934,0.3451162625790189,2.306474738632587,0.529807281346546,,,,,,,,
,,,,,,,,,,3.592531648939512,0.9508733612764245,0.5684769921126342,2.4395309603231103,,,,,,,,
,,,,,,,,,,6.588638512223797,6.520739234862428,0.8452400876434463,0.7305789622672036,,,,,,,,
,,,,,,,,,,8.105367373064468,3.6462005910353716,1.1246331496067763,0.7217969700264443,,,,,,,,
,,,,,,,,,,7.346780735296198,3.561382237162719,1.4414121187804878,0.42100179149266426,,,,,,,,
,,,,,,,,,,11.592494233898,0.2596517648892828,0.6163060715385571,2.922105537304333,,,,,,,,
,,,,,,,,,,14.541531872624521,0.16808212094907002,0.8602759390858199,0.9853010583965418,,,,,,,,
,,,,,,,,,,19.610200136465412,0.10977927696179958,0.9838176679007926,0.26987912388064456,,,,,,,,
,,,,,,,,,,8.293929484212454,0.7021866697982923,1.3647501391622043,0.30390578781975996,,,,,,,,
,,,,,,,,,,7.537036854689557,1.655425635417287,1.2628565645872027,0.2997938682472073,,,,,,,,
,,,,,,,,,,5.874968298279499,3.4332343498940583,2.179747644883085,0.22779284810963496,,,,,,,,
,,,,,,,,,,8.293929484212454,1.1392789710128266,2.9032719805397735,0.1647600346651528,,,,,,,,
,,,,,,,,,,9.041253486176245,1.0060864719129687,3.9491118843106214,0.08041993351767944,,,,,,,,
,,,,,,,,,,7.537036854689557,1.6851173131653048,1.5624430255101343,0.35022172488888453,,,,,,,,
,,,,,,,,,,8.669759398141672,0.7950355225764645,1.7474437879365152,0.40144588110308277,,,,,,,,
,,,,,,,,,,12.133401292908754,0.23841384035555346,1.8491186761266327,0.4567336453322667,,,,,,,,
,,,,,,,,,,12.695498167965969,0.20006062494883903,2.5849496361501196,0.31475657762330944,,,,,,,,
,,,,,,,,,,13.761186877349694,0.19005603304995716,4.454882814184689,0.138127645435404,,,,,,,,
,,,,,,,,,,8.482035805073751,0.8965387820559804,5.118042525666285,0.08702641967385233,,,,,,,,
,,,,,,,,,,6.0488468383949865,3.864533839176312,0.5228781882181511,0.5127046684740746,,,,,,,,
,,,,,,,,,,6.964789633732004,2.0299062490599757,1.1411734816356647,0.2624875497586015,,,,,,,,
,,,,,,,,,,8.293929484212454,0.8761544911392352,1.759541999592523,0.11003602783488894,,,,,,,,
,,,,,,,,,,9.22512808074487,0.81881503794401,2.310384318855991,0.17285402182594753,,,,,,,,
,,,,,,,,,,9.041253486176245,0.5809870878930834,0.3755397196588204,1.7362554593947233,,,,,,,,
,,,,,,,,,,10.177920839976034,0.41009337347410163,0.8283697784476071,0.5897142992667119,,,,,,,,
,,,,,,,,,,14.386271754142848,0.17325110501464,1.1151649833898476,0.20642121745171033,,,,,,,,
,,,,,,,,,,13.761186877349694,0.19349864480741716,1.4936552187121839,0.6584442025818464,,,,,,,,
,,,,,,,,,,7.726950993777883,1.2252856782898733,1.889042836734487,0.26157502631207347,,,,,,,,
,,,,,,,,,,4.367016762639139,1.0960245656937848,2.01907942421964,0.27058256714684925,,,,,,,,
,,,,,,,,,,3.3969886575808403,1.1034772662913832,2.0655130694678516,0.23316810819649547,,,,,,,,
,,,,,,,,,,7.155951209475513,1.597884677218157,0.6426893115422826,1.258406764040572,,,,,,,,
,,,,,,,,,,4.367016762639139,0.07,1.1327754777822818,0.41202358749442897,,,,,,,,
,,,,,,,,,,7.346780735296198,1.6125974912095253,1.3307009063637238,0.3006010160284188,,,,,,,,
,,,,,,,,,,10.001065885345737,0.4285077754183632,0.5058568971699177,1.6884655588585065,,,,,,,,
,,,,,,,,,,13.60383396126295,0.20484857640822468,0.6990720138483351,1.3298944061379208,,,,,,,,
,,,,,,,,,,13.761186877349694,0.19349864480741716,1.2506594436635095,0.6886278127640335,,,,,,,,
,,,,,,,,,,11.231066474013979,0.3304933411067909,1.6738066783246108,0.9926085397370443,,,,,,,,
,,,,,,,,,,8.669759398141672,0.823118853671023,4.246576591887744,0.08289457054691589,,,,,,,,
,,,,,,,,,,3.981329249244623,1.1681345014272473,4.518354975368005,0.08659169832171784,,,,,,,,
,,,,,,,,,,4.749722106329004,0.8703183399048239,1.8623299860442466,0.43959385192615125,,,,,,,,
,,,,,,,,,,7.155951209475513,1.783960208229499,6.131010832339187,0.15281695137163792,,,,,,,,
,,,,,,,,,,10.705421379480661,0.3407634039396921,8.1811931908409,0.0909821426717845,,,,,,,,
,,,,,,,,,,18.504115416677774,0.13644619075950332,2.9905216140191175,0.18337357148077058,,,,,,,,
,,,,,,,,,,9.468084381859981,0.597561004954312,4.210198845011095,0.07854949413072777,,,,,,,,
,,,,,,,,,,7.91642622666716,2.0163357357012495,3.0478071069918866,0.14945852759871656,,,,,,,,
,,,,,,,,,,3.690073619187271,0.24348483376593819,3.1530139195934,0.11805039005907379,,,,,,,,
,,,,,,,,,,3.200401916414066,0.27362627004884055,1.1072952124103626,0.9903208346633566,,,,,,,,
,,,,,,,,,,9.041253486176245,0.81123082324471,2.6875554589839896,0.1680256426725668,,,,,,,,
,,,,,,,,,,11.231066474013979,0.35075411841565934,3.896269584134302,0.22055361792897488,,,,,,,,
,,,,,,,,,,5.129614809649762,0.7265256393363153,1.012842410641966,1.3383976390916288,,,,,,,,
,,,,,,,,,,3.3969886575808403,0.6172979851215543,1.2280737730886786,0.5954626114154403,,,,,,,,
,,,,,,,,,,3.298859460095621,0.28870365341982324,1.5205237263031932,0.35371261934180326,,,,,,,,
,,,,,,,,,,7.346780735296198,1.6415476572104348,2.3188425503315195,0.13698438121263146,,,,,,,,
,,,,,,,,,,10.529906405704986,0.3640331390592492,3.178344124626642,0.41962473080711293,,,,,,,,
,,,,,,,,,,10.705421379480661,0.3575151181722907,0.9806566364529126,0.9996901080165641,,,,,,,,
,,,,,,,,,,15.9658638256439,0.16742331946715786,1.3152227282013313,0.5581513826880086,,,,,,,,
,,,,,,,,,,9.289428930736955,0.5860094700516104,10.497780802821872,0.10190738377377943,,,,,,,,
,,,,,,,,,,5.034887578052931,0.45554588059970924,11.08739668301034,0.11245608301754331,,,,,,,,
,,,,,,,,,,8.669759398141672,0.8946974303765147,1.0635061278737092,0.77452501644341,,,,,,,,
,,,,,,,,,,17.83963470348006,0.13447963802220803,1.5520357675042027,0.25942211732294324,,,,,,,,
,,,,,,,,,,9.646218532447238,0.5600429990796616,2.7404173969664694,0.14688260710803558,,,,,,,,
,,,,,,,,,,13.761186877349694,0.19525812526637867,2.9914214806989357,0.08062923533256625,,,,,,,,
,,,,,,,,,,19.908916384237987,0.12165096131866163,4.758053271579751,0.29290090888369946,,,,,,,,
,,,,,,,,,,17.534934077462456,0.12623086072968565,4.758053271579751,0.20270179071973934,,,,,,,,
,,,,,,,,,,3.690073619187271,0.27217291983020103,4.8537399005554125,0.2753814188139519,,,,,,,,
,,,,,,,,,,4.367016762639139,0.9136198326015776,4.898956018156939,0.24443050781693282,,,,,,,,
,,,,,,,,,,7.91642622666716,1.256051877362148,5.090641607726094,0.2743418621530174,,,,,,,,
,,,,,,,,,,8.105367373064468,0.9345589666789361,4.949560205700325,0.23557290041573362,,,,,,,,
,,,,,,,,,,8.669759398141672,0.8527132175389791,5.141139874462759,0.2824527505684534,,,,,,,,
,,,,,,,,,,11.592494233898,0.3181825853500332,5.090641607726094,0.2884526089378919,,,,,,,,
,,,,,,,,,,15.006910323538303,0.1743077849519124,5.609227192740267,0.3778291789180272,,,,,,,,
,,,,,,,,,,25.0,0.0931885055581396,5.648902142492158,0.3178073928095094,,,,,,,,
,,,,,,,,,,14.386271754142848,0.20070156464913597,5.586821324137176,0.3505093800133362,,,,,,,,
,,,,,,,,,,8.293929484212454,1.4451553660012455,5.468210009120142,0.28428306424638883,,,,,,,,
,,,,,,,,,,8.293929484212454,1.400631009334561,5.24839688137317,0.25765760903760365,,,,,,,,
,,,,,,,,,,7.91642622666716,1.9416614022981415,5.72220540940315,0.28317905016589995,,,,,,,,
,,,,,,,,,,7.91642622666716,2.1366829066226165,5.72220540940315,0.31484477109356673,,,,,,,,
,,,,,,,,,,8.105367373064468,1.5812636721966196,5.1806728631320516,0.2613573067100317,,,,,,,,
,,,,,,,,,,10.705421379480661,0.4937562895636811,6.325837383694148,0.28855364148710283,,,,,,,,
,,,,,,,,,,,,5.829295303549517,0.33059597352103287,,,,,,,,
,,,,,,,,,,,,5.327405305408045,0.27080481053295435,,,,,,,,
,,,,,,,,,,,,6.145120478965524,0.4357959659886157,,,,,,,,
,,,,,,,,,,,,5.7840306075297985,0.3195645068573664,,,,,,,,
,,,,,,,,,,,,6.054844479760288,0.38806838423313395,,,,,,,,
,,,,,,,,,,,,6.280558688308325,0.48150176538832185,,,,,,,,
,,,,,,,,,,,,5.9420842184270795,0.3977190510184719,,,,,,,,
,,,,,,,,,,,,5.9420842184270795,0.3939149125449311,,,,,,,,
,,,,,,,,,,,,5.72220540940315,0.4957373146415414,,,,,,,,
,,,,,,,,,,,,5.727682293117373,0.2918258739074342,,,,,,,,
,,,,,,,,,,,,5.49078979923818,7.134079272694257,,,,,,,,
,,,,,,,,,,,,5.090641607726094,12.213982956005298,,,,,,,,
,,,,,,,,,,,,4.600192866866894,0.39003332030026633,,,,,,,,
,,,,,,,,,,,,3.434916527079426,0.4093564999643528,,,,,,,,
,,,,,,,,,,,,0.9278192286096552,8.78186956701296,,,,,,,,
,,,,,,,,,,,,0.5049309098282561,8.854128954966997,,,,,,,,
,,,,,,,,,,,,0.5365075280513197,10.31180197347419,,,,,,,,
,,,,,,,,,,,,0.7718846045944949,4.075487346830541,,,,,,,,
,,,,,,,,,,,,0.675549610177356,3.6010004967770715,,,,,,,,
,,,,,,,,,,,,0.9325232518803976,2.475975929577216,,,,,,,,
,,,,,,,,,,,,0.7288874660025607,1.359989595870919,,,,,,,,
,,,,,,,,,,,,0.7553974697409926,2.1799363938096055,,,,,,,,
,,,,,,,,,,,,0.6840661230406351,2.213553739057945,,,,,,,,
,,,,,,,,,,,,0.6140185889126927,2.387543147866258,,,,,,,,
,,,,,,,,,,,,0.610749844425486,2.532716125457948,,,,,,,,
,,,,,,,,,,,,0.42604285412619697,1.5716887374024464,,,,,,,,
,,,,,,,,,,,,0.4610037073409225,2.20450272344962,,,,,,,,
,,,,,,,,,,,,0.46181166827225734,3.8791371385675295,,,,,,,,
,,,,,,,,,,,,1.0124521642147353,0.4519445511318735,,,,,,,,
,,,,,,,,,,,,0.7223797645872483,0.7674511524707512,,,,,,,,
,,,,,,,,,,,,0.984273402121446,0.5493967350972938,,,,,,,,
,,,,,,,,,,,,0.801468819193018,0.6841169856570832,,,,,,,,
,,,,,,,,,,,,0.6946738403705357,1.3561109520818426,,,,,,,,
,,,,,,,,,,,,0.6901913367712453,2.1096237219570853,,,,,,,,
,,,,,,,,,,,,0.6523002906873763,2.2405554495380655,,,,,,,,
,,,,,,,,,,,,0.543183021245677,2.118911706961673,,,,,,,,
,,,,,,,,,,,,0.6144297082902032,2.9160742485697275,,,,,,,,
,,,,,,,,,,,,0.4642660287957405,2.3834775577200173,,,,,,,,
,,,,,,,,,,,,0.46629344192250594,3.9156389864016945,,,,,,,,
,,,,,,,,,,,,0.4658900871001162,5.9177512661167535,,,,,,,,
,,,,,,,,,,,,0.9389572426423625,0.3191134546923808,,,,,,,,
,,,,,,,,,,,,0.7431713053132717,0.5520388983893041,,,,,,,,
,,,,,,,,,,,,1.0451513894765379,0.543350525823937,,,,,,,,
,,,,,,,,,,,,0.830438958777055,0.6499853216010573,,,,,,,,
,,,,,,,,,,,,0.8422708649445009,2.423560347059118,,,,,,,,
,,,,,,,,,,,,0.7672461699619295,3.3798987672315004,,,,,,,,
,,,,,,,,,,,,0.6930366469829622,3.791185683717704,,,,,,,,
,,,,,,,,,,,,0.6922148177715067,4.429567227088094,,,,,,,,
,,,,,,,,,,,,0.6922148177715067,5.25237246128823,,,,,,,,
,,,,,,,,,,,,0.5415530819899236,4.13558384165554,,,,,,,,
,,,,,,,,,,,,0.5781887251708531,7.3030482902423834,,,,,,,,
,,,,,,,,,,,,0.5041207833588512,9.347034915224341,,,,,,,,
,,,,,,,,,,,,0.9083698051716568,0.32667158305971533,,,,,,,,
,,,,,,,,,,,,0.6840661230406351,0.569575295090249,,,,,,,,
,,,,,,,,,,,,1.0202374532583018,0.5967731466584814,,,,,,,,
,,,,,,,,,,,,0.8031205030627068,0.7733114367075657,,,,,,,,
,,,,,,,,,,,,0.7945279327081914,1.3035200707844086,,,,,,,,
,,,,,,,,,,,,0.7211549320060955,1.9747451414864716,,,,,,,,
,,,,,,,,,,,,0.6844824922556105,2.3482022274233865,,,,,,,,
,,,,,,,,,,,,0.7195209979509363,3.4010595787629336,,,,,,,,
,,,,,,,,,,,,0.6836661846572292,3.474588998667256,,,,,,,,
,,,,,,,,,,,,0.5704385954052724,3.386889379822696,,,,,,,,
,,,,,,,,,,,,0.6074923403444398,5.5743633816964255,,,,,,,,
,,,,,,,,,,,,0.5704385954052724,7.207769177715396,,,,,,,,
,,,,,,,,,,,,0.8859014703003306,0.5077690921925845,,,,,,,,
,,,,,,,,,,,,0.7553974697409926,0.8015861748175519,,,,,,,,
,,,,,,,,,,,,1.0173376314601699,0.5810182117097601,,,,,,,,
,,,,,,,,,,,,0.9414172190809856,1.0614374839403038,,,,,,,,
,,,,,,,,,,,,0.8222820657391616,1.1522424215094471,,,,,,,,
,,,,,,,,,,,,0.7370367001136855,1.1636189230789022,,,,,,,,
,,,,,,,,,,,,0.7668312988895702,1.714530494415725,,,,,,,,
,,,,,,,,,,,,0.7655957953404658,1.9865751576096873,,,,,,,,
,,,,,,,,,,,,0.7871946420417962,2.3978307883118934,,,,,,,,
,,,,,,,,,,,,0.5899878611766675,1.7135234169776175,,,,,,,,
,,,,,,,,,,,,0.590800153160287,2.806937927905096,,,,,,,,
,,,,,,,,,,,,0.5879590325868375,4.1068635859414275,,,,,,,,
,,,,,,,,,,,,0.7427493652296352,0.38960406335030834,,,,,,,,
,,,,,,,,,,,,0.7207552377269515,0.6959520339462677,,,,,,,,
,,,,,,,,,,,,0.7411191142048791,0.4167592227286643,,,,,,,,
,,,,,,,,,,,,0.7362473101754308,0.8079271440200799,,,,,,,,
,,,,,,,,,,,,0.571933088914295,3.575909259267499,,,,,,,,
,,,,,,,,,,,,0.5026607320866057,6.0947955457647645,,,,,,,,
,,,,,,,,,,,,0.4578556185909249,6.8403060781693865,,,,,,,,
,,,,,,,,,,,,0.4570901165990282,12.292317284098754,,,,,,,,
,,,,,,,,,,,,0.33964019643834087,11.314477914089059,,,,,,,,
,,,,,,,,,,,,0.3393957305726485,10.170143624168976,,,,,,,,
,,,,,,,,,,,,0.36276984932235873,17.24094083533748,,,,,,,,
,,,,,,,,,,,,0.5051750554020801,6.544991104082595,,,,,,,,
,,,,,,,,,,,,1.0455401019905635,1.7357961203457892,,,,,,,,
,,,,,,,,,,,,0.5789847721700896,4.184272407813337,,,,,,,,
,,,,,,,,,,,,1.0455401019905635,2.3014538022768827,,,,,,,,
,,,,,,,,,,,,0.697499902724171,2.157683010381318,,,,,,,,
,,,,,,,,,,,,0.6510864249478532,2.2309078596843532,,,,,,,,
,,,,,,,,,,,,0.5553236800763899,5.255929757867165,,,,,,,,
,,,,,,,,,,,,0.48403426907215485,7.775099685108755,,,,,,,,
,,,,,,,,,,,,0.43620481399785194,7.586613735211739,,,,,,,,
,,,,,,,,,,,,0.41255719659817275,11.124492732799252,,,,,,,,
,,,,,,,,,,,,0.26907950047103757,7.337028127601517,,,,,,,,
,,,,,,,,,,,,0.24498882941614442,15.568346980605732,,,,,,,,
,,,,,,,,,,,,0.26882583817679934,9.009967154475445,,,,,,,,
,,,,,,,,,,,,0.43669907583581885,4.984210585165688,,,,,,,,
,,,,,,,,,,,,1.0237648359470641,1.6607277454040525,,,,,,,,
,,,,,,,,,,,,0.5326403377569376,3.4975944823038407,,,,,,,,
,,,,,,,,,,,,1.00004335411914,2.0323215097145466,,,,,,,,
,,,,,,,,,,,,0.7224676810862034,2.647674064724275,,,,,,,,
,,,,,,,,,,,,0.6760636311337345,2.769972331481419,,,,,,,,
,,,,,,,,,,,,0.5603605195568122,8.96649483714521,,,,,,,,
,,,,,,,,,,,,0.46414676720498194,11.340262077747997,,,,,,,,
,,,,,,,,,,,,0.5109716290906675,18.83672692959618,,,,,,,,
,,,,,,,,,,,,0.4158363915856554,22.54122986966192,,,,,,,,
,,,,,,,,,,,,0.36729106160958314,27.01534461087617,,,,,,,,
,,,,,,,,,,,,0.34316709956365354,21.61544686837788,,,,,,,,
,,,,,,,,,,,,0.3429061846547724,36.10900031550221,,,,,,,,
,,,,,,,,,,,,0.4890738201516312,14.516053147816,,,,,,,,
,,,,,,,,,,,,0.9871457154443695,2.1173704865289986,,,,,,,,
,,,,,,,,,,,,0.5129809875185708,4.8653884095426605,,,,,,,,
,,,,,,,,,,,,0.893906463639252,2.089453535949145,,,,,,,,
,,,,,,,,,,,,0.6102339085134725,2.604198809777189,,,,,,,,
,,,,,,,,,,,,0.4487232579151956,4.429567227088094,,,,,,,,
,,,,,,,,,,,,0.5754782816366556,8.205062619374592,,,,,,,,
,,,,,,,,,,,,0.5931234313999652,15.367028487477784,,,,,,,,
,,,,,,,,,,,,0.5470620257180646,15.252117501638331,,,,,,,,
,,,,,,,,,,,,0.5474264634195746,30.374630528974453,,,,,,,,
,,,,,,,,,,,,0.45392731992013424,35.43602152367038,,,,,,,,
,,,,,,,,,,,,0.4542757813439603,31.494413782905703,,,,,,,,
,,,,,,,,,,,,0.4542757813439603,46.06406808473593,,,,,,,,
,,,,,,,,,,,,0.555038411394761,14.40554356885692,,,,,,,,
,,,,,,,,,,,,0.9081119022855161,2.083429630904727,,,,,,,,
,,,,,,,,,,,,0.5305503861765646,5.214354258619817,,,,,,,,
,,,,,,,,,,,,0.8952703419015724,2.93654701942471,,,,,,,,
,,,,,,,,,,,,0.7791490163486857,3.240264493669235,,,,,,,,
,,,,,,,,,,,,0.6796888291670405,3.3721483412508957,,,,,,,,
,,,,,,,,,,,,0.6930741325266231,4.296161812067429,,,,,,,,
,,,,,,,,,,,,0.6380481265932656,20.60056580945712,,,,,,,,
,,,,,,,,,,,,0.5554250608214576,30.806103687136332,,,,,,,,
,,,,,,,,,,,,0.5554250608214576,43.13054480425411,,,,,,,,
,,,,,,,,,,,,0.5227509387261983,71.42093640623918,,,,,,,,
,,,,,,,,,,,,0.40498359078756974,66.04998551509794,,,,,,,,
,,,,,,,,,,,,0.42073015567394156,68.55028572305338,,,,,,,,
,,,,,,,,,,,,0.4379734540430609,105.603297488466,,,,,,,,
,,,,,,,,,,,,0.5892165211332265,40.56984344117835,,,,,,,,
,,,,,,,,,,,,0.915933569900486,3.899840739922552,,,,,,,,
,,,,,,,,,,,,0.5741705279252101,11.462616042913258,,,,,,,,
,,,,,,,,,,,,0.8667855720538532,4.543116607478117,,,,,,,,
,,,,,,,,,,,,0.8139301004838206,6.463322983332079,,,,,,,,
,,,,,,,,,,,,0.741209311357435,6.923746548151723,,,,,,,,
,,,,,,,,,,,,0.7378618559757064,7.843957015627788,,,,,,,,
,,,,,,,,,,,,0.41888102408960726,4.142396285528285,,,,,,,,
,,,,,,,,,,,,0.41332076679880925,6.262766850222611,,,,,,,,
,,,,,,,,,,,,0.37605676064200466,4.67194014520889,,,,,,,,
,,,,,,,,,,,,0.34513788354339403,7.923252785646878,,,,,,,,
,,,,,,,,,,,,0.24171721824237347,3.5252485814396732,,,,,,,,
,,,,,,,,,,,,0.27351361575577066,3.976131334333088,,,,,,,,
,,,,,,,,,,,,0.3068175471010017,9.350381545322362,,,,,,,,
,,,,,,,,,,,,0.3653296027918449,4.767228748766831,,,,,,,,
,,,,,,,,,,,,0.6380481265932656,1.6057929201595174,,,,,,,,
,,,,,,,,,,,,0.45669626671120955,5.142541989560453,,,,,,,,
,,,,,,,,,,,,0.6209654074938995,2.107629955637506,,,,,,,,
,,,,,,,,,,,,0.5502167833483412,2.4419527157104826,,,,,,,,
,,,,,,,,,,,,0.5112411619941806,2.5553450531968047,,,,,,,,
,,,,,,,,,,,,0.5277527469460674,3.2947942745353056,,,,,,,,
,,,,,,,,,,,,0.7087255023954425,3.223263136624176,,,,,,,,
,,,,,,,,,,,,0.7007708418333642,8.191218247263349,,,,,,,,
,,,,,,,,,,,,0.5033391802374462,21.055114828656833,,,,,,,,
,,,,,,,,,,,,0.45153372091221605,28.06037542298557,,,,,,,,
,,,,,,,,,,,,1.0120825957729866,0.7579810988653537,,,,,,,,
,,,,,,,,,,,,0.662637144471866,1.8220326263997653,,,,,,,,
,,,,,,,,,,,,0.9632627556847958,0.7938418662605942,,,,,,,,
,,,,,,,,,,,,0.7129595321166309,1.4653755133500754,,,,,,,,
,,,,,,,,,,,,0.6128738897999733,1.3146140014451253,,,,,,,,
,,,,,,,,,,,,0.7426338757988504,1.789278684323278,,,,,,,,
,,,,,,,,,,,,0.7177281886422581,3.2631275658877947,,,,,,,,
,,,,,,,,,,,,0.3506498750833449,3.809966763964735,,,,,,,,
,,,,,,,,,,,,0.43726484348057276,10.000774135589289,,,,,,,,
,,,,,,,,,,,,1.4818465235442542,1.0498582963568956,,,,,,,,
,,,,,,,,,,,,1.013160880974957,2.3234354285920777,,,,,,,,
,,,,,,,,,,,,1.5137846517989313,1.148133958251416,,,,,,,,
,,,,,,,,,,,,1.0158152637120441,1.6637223465018331,,,,,,,,
,,,,,,,,,,,,1.0089228310294949,1.905793346108713,,,,,,,,
,,,,,,,,,,,,0.6144629420762617,3.361222961996381,,,,,,,,
,,,,,,,,,,,,0.5604722930276664,7.2501866982585685,,,,,,,,
,,,,,,,,,,,,0.45576473640069115,16.120003235236776,,,,,,,,
,,,,,,,,,,,,0.45470750721712055,35.58206482077304,,,,,,,,
,,,,,,,,,,,,1.109798473873032,1.059460998782122,,,,,,,,
,,,,,,,,,,,,0.7601184297090965,2.3915691436613953,,,,,,,,
,,,,,,,,,,,,1.0609279470128234,1.0691432136721966,,,,,,,,
,,,,,,,,,,,,0.807850186782974,1.7204247305103686,,,,,,,,
,,,,,,,,,,,,0.7558802527312247,1.8202894083924244,,,,,,,,
,,,,,,,,,,,,0.8189725708752107,11.598288409579627,,,,,,,,
,,,,,,,,,,,,0.6663570178921299,23.33515377251237,,,,,,,,
,,,,,,,,,,,,0.5647057020519605,110.31324268366167,,,,,,,,
,,,,,,,,,,,,0.5647057020519605,300.0,,,,,,,,
,,,,,,,,,,,,1.301630710076374,1.6377414348475607,,,,,,,,
,,,,,,,,,,,,1.1358200284045803,6.967230168699326,,,,,,,,
,,,,,,,,,,,,1.1092696200795022,1.1790007389468884,,,,,,,,
,,,,,,,,,,,,0.9542269167975532,3.2916163854103444,,,,,,,,
,,,,,,,,,,,,0.903815119009429,3.8591890981417603,,,,,,,,
,,,,,,,,,,,,0.9802390264286382,5.297074079004577,,,,,,,,
,,,,,,,,,,,,0.9266688628467329,16.264725937134784,,,,,,,,
,,,,,,,,,,,,0.7336312047293673,56.69883872101938,,,,,,,,
,,,,,,,,,,,,0.6827769873610516,92.8662232229521,,,,,,,,
,,,,,,,,,,,,1.6814115992634964,1.4342535463220603,,,,,,,,
,,,,,,,,,,,,1.0195134470331413,2.899600266302325,,,,,,,,
,,,,,,,,,,,,1.4739180129716187,1.1727324950911986,,,,,,,,
,,,,,,,,,,,,1.0694185324101093,2.352198494499314,,,,,,,,
,,,,,,,,,,,,1.0210896805281093,2.5448568755521532,,,,,,,,
,,,,,,,,,,,,0.650657376826698,0.8965568619534067,,,,,,,,
,,,,,,,,,,,,0.6494465683859018,1.0817976713946853,,,,,,,,
,,,,,,,,,,,,0.5720684427396585,1.4924731099013742,,,,,,,,
,,,,,,,,,,,,0.6062593772693149,2.063533975397923,,,,,,,,
,,,,,,,,,,,,0.5675994467871118,2.496611146933426,,,,,,,,
,,,,,,,,,,,,0.34845791559622225,4.072665603897965,,,,,,,,
,,,,,,,,,,,,0.34764607846691753,3.7246849090324936,,,,,,,,
,,,,,,,,,,,,0.3103129130964086,3.334427390245549,,,,,,,,
,,,,,,,,,,,,0.38622314805979785,3.0145085868471995,,,,,,,,
,,,,,,,,,,,,1.08027527137004,0.6318340190068027,,,,,,,,
,,,,,,,,,,,,0.7484607644439607,0.968334447695125,,,,,,,,
,,,,,,,,,,,,0.9398082890417104,0.5739357582504679,,,,,,,,
,,,,,,,,,,,,0.7501046293053042,0.7780439768350442,,,,,,,,
,,,,,,,,,,,,0.6396765009959462,0.8817803482651908,,,,,,,,
,,,,,,,,,,,,0.6217488839631335,1.3792814820332644,,,,,,,,
,,,,,,,,,,,,0.6592098496517581,1.8657895225595362,,,,,,,,
,,,,,,,,,,,,0.5423555220195057,2.26366354246507,,,,,,,,
,,,,,,,,,,,,0.5041207833588512,2.0007791234968604,,,,,,,,
,,,,,,,,,,,,0.46629344192250594,2.4445290595426474,,,,,,,,
,,,,,,,,,,,,0.3135543535282519,4.896783090772236,,,,,,,,
,,,,,,,,,,,,0.35170643238666116,6.087993072417042,,,,,,,,
,,,,,,,,,,,,0.3135543535282519,4.896783090772236,,,,,,,,
,,,,,,,,,,,,0.38989226394725285,4.976788261789332,,,,,,,,
,,,,,,,,,,,,0.9222250409868178,0.6514944346375596,,,,,,,,
,,,,,,,,,,,,0.6526951186402038,1.0183902495974486,,,,,,,,
,,,,,,,,,,,,0.9552952298598092,0.9118612519956892,,,,,,,,
,,,,,,,,,,,,0.6922148177715067,1.1138675854345168,,,,,,,,
,,,,,,,,,,,,0.6156230955627963,1.3150846883340086,,,,,,,,
,,,,,,,,,,,,0.6579986960993145,1.457562050972727,,,,,,,,
,,,,,,,,,,,,0.5838847780045414,1.3487016544831223,,,,,,,,
,,,,,,,,,,,,0.6543254821997584,4.098068001848687,,,,,,,,
,,,,,,,,,,,,0.5802191443226145,3.6452813562004844,,,,,,,,
,,,,,,,,,,,,0.506157951882766,3.9226080322222185,,,,,,,,
,,,,,,,,,,,,0.35048988824755173,5.457842347077099,,,,,,,,
,,,,,,,,,,,,0.3509060059339789,6.07433998687435,,,,,,,,
,,,,,,,,,,,,0.31275193374057847,4.884717937846828,,,,,,,,
,,,,,,,,,,,,0.3890693738873072,4.156071029168412,,,,,,,,
,,,,,,,,,,,,0.8912421787878113,0.7546116019973244,,,,,,,,
,,,,,,,,,,,,0.5830504574612166,0.9124078246412262,,,,,,,,
,,,,,,,,,,,,0.8153373109397468,0.8014738978729236,,,,,,,,
,,,,,,,,,,,,0.6600281920737644,1.2609898883074468,,,,,,,,
,,,,,,,,,,,,0.6172693536306588,1.4812147680446768,,,,,,,,
,,,,,,,,,,,,0.8043105175999113,2.717606871972102,,,,,,,,
,,,,,,,,,,,,0.8406210699791292,3.468685846509725,,,,,,,,
,,,,,,,,,,,,0.7297133653210841,6.512930564327291,,,,,,,,
,,,,,,,,,,,,0.7305303222798041,7.676409453447997,,,,,,,,
,,,,,,,,,,,,0.6555453867391635,9.083149071597836,,,,,,,,
,,,,,,,,,,,,0.4292957065929808,13.982187696071968,,,,,,,,
,,,,,,,,,,,,0.4292957065929808,13.982187696071968,,,,,,,,
,,,,,,,,,,,,0.42888085903237116,16.339767128154264,,,,,,,,
,,,,,,,,,,,,0.4675103440572921,11.479711253425382,,,,,,,,
,,,,,,,,,,,,1.5619254970760421,1.8194467430268941,,,,,,,,
,,,,,,,,,,,,1.3140450502221606,6.324675216145735,,,,,,,,
,,,,,,,,,,,,1.5586974604269943,2.5377372700070304,,,,,,,,
,,,,,,,,,,,,1.3725135634311874,5.306873475847519,,,,,,,,
,,,,,,,,,,,,1.2453353185046234,8.77940961333555,,,,,,,,
,,,,,,,,,,,,0.7639722135838173,1.9780827532724548,,,,,,,,
,,,,,,,,,,,,0.691412661209951,1.7224006773490468,,,,,,,,
,,,,,,,,,,,,0.6539296680083512,3.840882676986989,,,,,,,,
,,,,,,,,,,,,0.5789847721700896,3.2058644525282745,,,,,,,,
,,,,,,,,,,,,0.5415530819899236,3.9015406573041878,,,,,,,,
,,,,,,,,,,,,0.3131528866204779,4.423246229976579,,,,,,,,
,,,,,,,,,,,,0.31275193374057847,4.015139122864336,,,,,,,,
,,,,,,,,,,,,0.3123430472091227,4.412090298183574,,,,,,,,
,,,,,,,,,,,,0.39028654979978933,4.548086716735243,,,,,,,,
,,,,,,,,,,,,0.956131994643571,0.7048198659305794,,,,,,,,
,,,,,,,,,,,,0.6881528340259502,1.1074887458279403,,,,,,,,
,,,,,,,,,,,,0.8838733514280173,0.804498381075118,,,,,,,,
,,,,,,,,,,,,0.691412661209951,1.0112076908322012,,,,,,,,
,,,,,,,,,,,,0.5761459345529905,1.0299749841162589,,,,,,,,
,,,,,,,,,,,,0.9251695771295738,4.449346160858661,,,,,,,,
,,,,,,,,,,,,0.7842967503131971,6.6547211702916425,,,,,,,,
,,,,,,,,,,,,0.8377388689021104,7.095763865827654,,,,,,,,
,,,,,,,,,,,,0.8195153775722086,11.07805735557987,,,,,,,,
,,,,,,,,,,,,0.7419087115925636,13.947085829018274,,,,,,,,
,,,,,,,,,,,,0.5654449551196006,17.7373421381775,,,,,,,,
,,,,,,,,,,,,0.5463966748587145,11.341850713361401,,,,,,,,
,,,,,,,,,,,,0.9198649665268444,3.313565111152032,,,,,,,,
,,,,,,,,,,,,0.7041570887411576,4.788720372028239,,,,,,,,
,,,,,,,,,,,,0.7069213553541948,2.468424637737534,,,,,,,,
,,,,,,,,,,,,0.7037454042003664,2.3675975129215714,,,,,,,,
,,,,,,,,,,,,0.6071556426359679,2.952242834871544,,,,,,,,
,,,,,,,,,,,,0.784954544515635,2.1343276132512123,,,,,,,,
,,,,,,,,,,,,0.6452559016137324,2.871385444249977,,,,,,,,
,,,,,,,,,,,,0.6257720745428008,2.9095685512674123,,,,,,,,
,,,,,,,,,,,,0.5866110186039486,3.6157288296282304,,,,,,,,
,,,,,,,,,,,,0.5258739292265607,4.017952276713755,,,,,,,,
,,,,,,,,,,,,0.4833491619451115,7.749155393450839,,,,,,,,
,,,,,,,,,,,,0.4647418106337501,5.148568514747057,,,,,,,,
,,,,,,,,,,,,0.8640619050329014,3.0013415779751664,,,,,,,,
,,,,,,,,,,,,0.6073609239076422,3.2349356650216614,,,,,,,,
,,,,,,,,,,,,0.6692126502960799,2.2544076325256266,,,,,,,,
,,,,,,,,,,,,0.6687965262703142,2.525296376334151,,,,,,,,
,,,,,,,,,,,,0.5878914590093463,2.7377406868913647,,,,,,,,
,,,,,,,,,,,,0.7624757858144233,1.6657627960880852,,,,,,,,
,,,,,,,,,,,,0.6232598075630109,2.2680100826440266,,,,,,,,
,,,,,,,,,,,,0.6230323033272298,2.356852589682303,,,,,,,,
,,,,,,,,,,,,0.6031297963290292,3.068317886706342,,,,,,,,
,,,,,,,,,,,,0.5053458567098644,3.2902718319224284,,,,,,,,
,,,,,,,,,,,,0.40387619241587197,3.703124022430858,,,,,,,,
,,,,,,,,,,,,0.4040905994571884,2.6462527335023447,,,,,,,,
,,,,,,,,,,,,0.8581208113770518,2.252513667354053,,,,,,,,
,,,,,,,,,,,,0.4873854206665127,1.2983719592736196,,,,,,,,
,,,,,,,,,,,,0.6651889467364573,1.648399012027585,,,,,,,,
,,,,,,,,,,,,0.6262249334725095,1.6573709043522653,,,,,,,,
,,,,,,,,,,,,0.5258739292265607,1.4449693943825144,,,,,,,,
,,,,,,,,,,,,0.648658887583325,1.2335365574007506,,,,,,,,
,,,,,,,,,,,,0.48886224419382585,1.3458131682770957,,,,,,,,
,,,,,,,,,,,,0.488649107903038,1.3452843711393825,,,,,,,,
,,,,,,,,,,,,0.4488931819086073,1.647546167436842,,,,,,,,
,,,,,,,,,,,,0.38846221016170435,1.7516456031808816,,,,,,,,
,,,,,,,,,,,,0.3067553223328232,2.2492993279716558,,,,,,,,
,,,,,,,,,,,,0.32680149592010316,1.854476726706923,,,,,,,,
,,,,,,,,,,,,0.6115907213913854,1.197611046163789,,,,,,,,
,,,,,,,,,,,,0.4298780393147439,1.2278045932396853,,,,,,,,
,,,,,,,,,,,,0.5711563910615127,1.4670585303758878,,,,,,,,
,,,,,,,,,,,,0.5313688549920909,1.3674396221503384,,,,,,,,
,,,,,,,,,,,,0.4499505815020579,1.3280999958144692,,,,,,,,
,,,,,,,,,,,,0.5493488550663151,0.6891263791044006,,,,,,,,
,,,,,,,,,,,,0.6043952130102479,2.041523340755247,,,,,,,,
,,,,,,,,,,,,0.5847202924252753,1.976690114791507,,,,,,,,
,,,,,,,,,,,,0.5830110392110796,2.7157041499618337,,,,,,,,
,,,,,,,,,,,,0.5030278986822277,2.5711434157325552,,,,,,,,
,,,,,,,,,,,,0.5140381495718552,4.984210585165688,,,,,,,,
,,,,,,,,,,,,0.5324423119094671,3.8484224067123867,,,,,,,,
,,,,,,,,,,,,0.6509895893797266,1.386702289094383,,,,,,,,
,,,,,,,,,,,,0.5271554293488224,1.722641965163895,,,,,,,,
,,,,,,,,,,,,0.6096998585628788,1.6148030757378606,,,,,,,,
,,,,,,,,,,,,0.6088451157086799,1.723366031436681,,,,,,,,
,,,,,,,,,,,,0.5472414393323546,1.923636630428148,,,,,,,,
,,,,,,,,,,,,0.8120887092444076,3.053953160518012,,,,,,,,
,,,,,,,,,,,,0.734323454312884,5.49755027161644,,,,,,,,
,,,,,,,,,,,,0.6959030967998366,4.9024071572578505,,,,,,,,
,,,,,,,,,,,,0.6763699449778358,6.651097005826162,,,,,,,,
,,,,,,,,,,,,0.6371019512363914,9.370996973916638,,,,,,,,
,,,,,,,,,,,,0.4804575972572228,11.795952023662386,,,,,,,,
,,,,,,,,,,,,0.519444519769124,11.378937846525623,,,,,,,,
,,,,,,,,,,,,0.7761180603862134,2.2749925357041714,,,,,,,,
,,,,,,,,,,,,0.5613615907815488,3.336737645453736,,,,,,,,
,,,,,,,,,,,,0.7172940209224212,2.831025344514703,,,,,,,,
,,,,,,,,,,,,0.6977876223098387,3.025213253511852,,,,,,,,
,,,,,,,,,,,,0.6001664859707151,3.5611906994472924,,,,,,,,
,,,,,,,,,,,,0.6406524877575513,1.7477989265850207,,,,,,,,
,,,,,,,,,,,,0.5611528869022671,2.5680039268333683,,,,,,,,
,,,,,,,,,,,,0.5217375844165428,2.1741422349084423,,,,,,,,
,,,,,,,,,,,,0.5016117072952962,2.8298799436396083,,,,,,,,
,,,,,,,,,,,,0.4419070738317604,3.150219048460532,,,,,,,,
,,,,,,,,,,,,0.3412640922075072,3.1814089401802215,,,,,,,,
,,,,,,,,,,,,0.3609301309227131,2.752545244317173,,,,,,,,
,,,,,,,,,,,,0.5821208971001793,1.0284091657203822,,,,,,,,
,,,,,,,,,,,,0.4035732122750326,1.2519014451974029,,,,,,,,
,,,,,,,,,,,,0.52257248815456,1.1973501156984996,,,,,,,,
,,,,,,,,,,,,0.5028646804297113,1.2369106010719333,,,,,,,,
,,,,,,,,,,,,0.42346119028762086,1.3119465528438243,,,,,,,,
,,,,,,,,,,,,0.6728215816129416,1.220754264760317,,,,,,,,
,,,,,,,,,,,,0.5960177139836536,2.071208201643349,,,,,,,,
,,,,,,,,,,,,0.575885010073293,1.9204506652146114,,,,,,,,
,,,,,,,,,,,,0.5565828629068997,2.677157263560852,,,,,,,,
,,,,,,,,,,,,0.45931748782802817,2.5972971955949142,,,,,,,,
,,,,,,,,,,,,0.3408455814076601,2.9664638706741524,,,,,,,,
,,,,,,,,,,,,0.3603047568484209,2.4312108804878636,,,,,,,,
,,,,,,,,,,,,0.7112576036428366,1.1121049909109255,,,,,,,,
,,,,,,,,,,,,0.5538800773206729,1.4612872850774596,,,,,,,,
,,,,,,,,,,,,0.6528981399443281,1.3452006203624363,,,,,,,,
,,,,,,,,,,,,0.6337810194745277,1.3965737040809425,,,,,,,,
,,,,,,,,,,,,0.59205971522793,1.7477989265850207,,,,,,,,
,,,,,,,,,,,,0.8707179152214496,1.902807216369268,,,,,,,,
,,,,,,,,,,,,0.8420089574294312,3.3093001788331082,,,,,,,,
,,,,,,,,,,,,0.8243471862219673,3.0989862730486033,,,,,,,,
,,,,,,,,,,,,0.8058481867110414,4.4903748029333395,,,,,,,,
,,,,,,,,,,,,0.7819327234250283,6.231894789107818,,,,,,,,
,,,,,,,,,,,,0.5630149857802608,7.006132688904982,,,,,,,,
,,,,,,,,,,,,0.563637692643422,5.186026351941388,,,,,,,,
,,,,,,,,,,,,0.9968032315271084,2.2458798330131517,,,,,,,,
,,,,,,,,,,,,0.7549124431495784,2.9753998085061015,,,,,,,,
,,,,,,,,,,,,0.8686540788025501,2.3510821480263986,,,,,,,,
,,,,,,,,,,,,0.8320322051460208,2.341924375997549,,,,,,,,
,,,,,,,,,,,,0.7717489315913886,2.906185446434127,,,,,,,,
,,,,,,,,,,,,0.715206899294363,1.874368613997803,,,,,,,,
,,,,,,,,,,,,0.6365013527428922,3.0509363378888117,,,,,,,,
,,,,,,,,,,,,0.6153255716603034,2.4382023905464663,,,,,,,,
,,,,,,,,,,,,0.5783646609144587,3.635931913224263,,,,,,,,
,,,,,,,,,,,,0.5385371964026869,4.631504673989666,,,,,,,,
,,,,,,,,,,,,0.40129181537510505,5.97415661229967,,,,,,,,
,,,,,,,,,,,,0.40089183224462843,3.9962639815259973,,,,,,,,
,,,,,,,,,,,,0.618436896436998,0.8928179670171537,,,,,,,,
,,,,,,,,,,,,0.4412875609546083,1.0892103496392556,,,,,,,,
,,,,,,,,,,,,0.520678668717086,0.9225679503426332,,,,,,,,
,,,,,,,,,,,,0.5009830048452185,0.9446539749108221,,,,,,,,
,,,,,,,,,,,,0.4412875609546083,1.0892103496392556,,,,,,,,
,,,,,,,,,,,,0.459869028871586,6.7977468626115956,,,,,,,,
,,,,,,,,,,,,0.4378135836090207,11.383366324667229,,,,,,,,
,,,,,,,,,,,,0.3950892619816109,13.9300015685365,,,,,,,,
,,,,,,,,,,,,0.3739663093947561,16.629945360027776,,,,,,,,
,,,,,,,,,,,,0.2004629820735386,15.91594754599256,,,,,,,,
,,,,,,,,,,,,0.2,11.742875092146997,,,,,,,,
,,,,,,,,,,,,0.43920403779654144,5.004362666829554,,,,,,,,
,,,,,,,,,,,,0.5463246437809608,3.47022483166105,,,,,,,,
,,,,,,,,,,,,0.4741264459692026,4.523536836483118,,,,,,,,
,,,,,,,,,,,,0.4323044156556963,7.400508301915258,,,,,,,,
,,,,,,,,,,,,0.4665315219632751,9.323569461600606,,,,,,,,
,,,,,,,,,,,,0.42793662069770627,12.249869709807802,,,,,,,,
,,,,,,,,,,,,0.36019758913646527,28.165498335090945,,,,,,,,
,,,,,,,,,,,,0.3608862096314097,24.123319231537884,,,,,,,,
,,,,,,,,,,,,0.4791762162991396,4.837506730325069,,,,,,,,
,,,,,,,,,,,,0.5826741219536852,2.9788518951966414,,,,,,,,
,,,,,,,,,,,,0.5808373169103417,10.654286714573187,,,,,,,,
,,,,,,,,,,,,0.6340081621790609,24.694290116942494,,,,,,,,
,,,,,,,,,,,,0.575069896454344,28.69481668044383,,,,,,,,
,,,,,,,,,,,,0.5350477217570665,35.39936340738651,,,,,,,,
,,,,,,,,,,,,0.32761781158562536,45.1122472287139,,,,,,,,
,,,,,,,,,,,,0.3273908529150069,45.08224079512658,,,,,,,,
,,,,,,,,,,,,0.6422788239465349,11.750691070132161,,,,,,,,
,,,,,,,,,,,,0.6452908027526226,4.480112815556237,,,,,,,,
,,,,,,,,,,,,0.5725521108046759,2.3251899737432917,,,,,,,,
,,,,,,,,,,,,0.5872856314749965,5.572173101893624,,,,,,,,
,,,,,,,,,,,,0.5631329996476088,6.78395373372301,,,,,,,,
,,,,,,,,,,,,0.5863552653766838,9.958254341923343,,,,,,,,
,,,,,,,,,,,,0.46929167950228456,16.472227711942473,,,,,,,,
,,,,,,,,,,,,0.46561770505691336,16.346380689132125,,,,,,,,
,,,,,,,,,,,,0.6346836422456696,3.109289135350177,,,,,,,,
,,,,,,,,,,,,0.6093660572173558,2.01004147956801,,,,,,,,
,,,,,,,,,,,,0.6013138755010258,11.937195362175151,,,,,,,,
,,,,,,,,,,,,0.5389651847732669,18.84941121516171,,,,,,,,
,,,,,,,,,,,,0.5373479020567857,26.860634524648148,,,,,,,,
,,,,,,,,,,,,0.5164312832358929,34.19950721747575,,,,,,,,
,,,,,,,,,,,,0.34918310735486424,60.45562224922959,,,,,,,,
,,,,,,,,,,,,0.34941336118965577,48.03267923038194,,,,,,,,
,,,,,,,,,,,,0.5829125052444865,9.195486953522945,,,,,,,,
,,,,,,,,,,,,0.6054667641239079,4.016514196357727,,,,,,,,
,,,,,,,,,,,,0.8795812319369273,3.1493488718672897,,,,,,,,
,,,,,,,,,,,,0.7889555829291893,4.976091170699623,,,,,,,,
,,,,,,,,,,,,0.6978984967670169,5.372319283376863,,,,,,,,
,,,,,,,,,,,,0.8279862300812892,10.080866115437075,,,,,,,,
,,,,,,,,,,,,0.5539737037235112,12.512174622235612,,,,,,,,
,,,,,,,,,,,,0.5539737037235112,10.552092231605506,,,,,,,,
,,,,,,,,,,,,0.7484607644439607,2.2048115480175445,,,,,,,,
,,,,,,,,,,,,1.3450283623118948,0.6568218660703602,,,,,,,,
,,,,,,,,,,,,0.9794275159578043,1.5094155510664018,,,,,,,,
,,,,,,,,,,,,0.8800719780962905,3.383596331613511,,,,,,,,
,,,,,,,,,,,,0.7879933711396409,4.537427999586446,,,,,,,,
,,,,,,,,,,,,0.7855571219905233,6.028518728405871,,,,,,,,
,,,,,,,,,,,,0.7817001482528178,7.460095147866299,,,,,,,,
,,,,,,,,,,,,0.6406005130532224,14.413449193459492,,,,,,,,
,,,,,,,,,,,,0.6406005130532224,14.413449193459492,,,,,,,,
,,,,,,,,,,,,0.8371528616961188,2.6218800274290626,,,,,,,,
,,,,,,,,,,,,1.5606324258338597,0.8206034875500473,,,,,,,,
,,,,,,,,,,,,1.064840761787037,1.4980119186905319,,,,,,,,
,,,,,,,,,,,,1.0527609757658547,4.3377691090369055,,,,,,,,
,,,,,,,,,,,,1.0455401019905635,7.202806765056267,,,,,,,,
,,,,,,,,,,,,0.870400083056628,6.66163844503754,,,,,,,,
,,,,,,,,,,,,0.8694502216266065,9.317041600263567,,,,,,,,
,,,,,,,,,,,,0.5063650309234999,6.245002851521912,,,,,,,,
,,,,,,,,,,,,0.5491520427977741,5.956006008789051,,,,,,,,
,,,,,,,,,,,,0.8795812319369273,2.4245790255441744,,,,,,,,
,,,,,,,,,,,,1.6061205507206868,0.9151456060599032,,,,,,,,
,,,,,,,,,,,,1.018504144406218,1.2141223001537187,,,,,,,,
,,,,,,,,,,,,0.9224775967453438,3.5423400678882513,,,,,,,,
,,,,,,,,,,,,0.8323163315131663,5.242592105523472,,,,,,,,
,,,,,,,,,,,,0.83038281535039,7.073985403990338,,,,,,,,
,,,,,,,,,,,,0.7850978470244642,9.57229011578822,,,,,,,,
,,,,,,,,,,,,0.3737868391410266,4.646486679992677,,,,,,,,
,,,,,,,,,,,,0.3747407874335572,4.657927157887953,,,,,,,,
,,,,,,,,,,,,0.833296044857498,1.9299643480206985,,,,,,,,
,,,,,,,,,,,,1.6336751228710413,0.6693895771514512,,,,,,,,
,,,,,,,,,,,,1.1005668062290475,1.1227968186005404,,,,,,,,
,,,,,,,,,,,,0.7412594256298477,1.6295731389601602,,,,,,,,
,,,,,,,,,,,,0.7378618559757064,2.6540278729215254,,,,,,,,
,,,,,,,,,,,,0.6925916611098611,3.3746029064574214,,,,,,,,
,,,,,,,,,,,,0.6911415883389725,4.374448464158381,,,,,,,,
,,,,,,,,,,,,0.41699631841879486,4.555224159186381,,,,,,,,
,,,,,,,,,,,,0.4174716376746579,3.6208958518331475,,,,,,,,
,,,,,,,,,,,,0.6988546345922997,1.2519014451974029,,,,,,,,
,,,,,,,,,,,,1.5567754193064893,0.7202314949779378,,,,,,,,
,,,,,,,,,,,,0.9278192286096552,0.8244986081671803,,,,,,,,
,,,,,,,,,,,,0.48240566504387933,3.5646843301531614,,,,,,,,
,,,,,,,,,,,,0.38660849575560563,2.6945683384920107,,,,,,,,
,,,,,,,,,,,,0.33807088093326315,2.694442524601144,,,,,,,,
,,,,,,,,,,,,0.33807088093326315,5.069804848112151,,,,,,,,
,,,,,,,,,,,,0.2359169681892931,6.902603478370934,,,,,,,,
,,,,,,,,,,,,0.23564358146142075,9.124878816357109,,,,,,,,
,,,,,,,,,,,,0.5398313064978336,2.5034010646145597,,,,,,,,
,,,,,,,,,,,,1.0484387922739964,1.5737387791992477,,,,,,,,
,,,,,,,,,,,,0.5145475437236133,3.795687636226968,,,,,,,,
,,,,,,,,,,,,0.48377580921061275,3.819852899215642,,,,,,,,
,,,,,,,,,,,,0.4113053244008885,3.493446089241748,,,,,,,,
,,,,,,,,,,,,0.38578601555004877,3.794860647745046,,,,,,,,
,,,,,,,,,,,,0.3613781892119973,4.938765840241002,,,,,,,,
,,,,,,,,,,,,0.25890630636171874,6.659513273886728,,,,,,,,
,,,,,,,,,,,,0.2583476427371013,8.63246185095862,,,,,,,,
,,,,,,,,,,,,0.5785778103307585,2.102355173943368,,,,,,,,
,,,,,,,,,,,,0.9513860631801596,1.0368792389825408,,,,,,,,
,,,,,,,,,,,,0.45989390265082264,1.7604052421653449,,,,,,,,
,,,,,,,,,,,,0.465921586627148,5.334491364615555,,,,,,,,
,,,,,,,,,,,,0.3153241598347481,2.517663239565269,,,,,,,,
,,,,,,,,,,,,0.3158735975365448,3.653417866852412,,,,,,,,
,,,,,,,,,,,,0.3150482019608385,5.208048077228928,,,,,,,,
,,,,,,,,,,,,0.2118438457254017,7.115061886103238,,,,,,,,
,,,,,,,,,,,,0.21157832810907728,11.396085630538607,,,,,,,,
,,,,,,,,,,,,0.46867338256348234,1.8797587951307804,,,,,,,,
,,,,,,,,,,,,0.8226935631100224,0.9463499971333462,,,,,,,,
,,,,,,,,,,,,0.4664747501253964,3.040377247312666,,,,,,,,
,,,,,,,,,,,,0.4137667186601891,2.878836140441828,,,,,,,,
,,,,,,,,,,,,0.47854974950580775,4.68094732978452,,,,,,,,
,,,,,,,,,,,,0.4554905752259026,4.817314218610652,,,,,,,,
,,,,,,,,,,,,0.429952158179534,7.050188589316847,,,,,,,,
,,,,,,,,,,,,0.2597241781250512,7.580387572824658,,,,,,,,
,,,,,,,,,,,,0.28491014416441923,15.22733063821305,,,,,,,,
,,,,,,,,,,,,0.5148137419404099,1.9648807361570848,,,,,,,,
,,,,,,,,,,,,1.016973155362198,1.2249700558576304,,,,,,,,
,,,,,,,,,,,,0.41568460169108834,1.8445813779836642,,,,,,,,
,,,,,,,,,,,,0.509328142349432,4.973729532495925,,,,,,,,
,,,,,,,,,,,,0.4821252569918767,5.515290843806923,,,,,,,,
,,,,,,,,,,,,0.4827152813499884,6.5325597614079065,,,,,,,,
,,,,,,,,,,,,0.4565974713979453,10.276473374486404,,,,,,,,
,,,,,,,,,,,,0.3361529501315819,21.559336299544107,,,,,,,,
,,,,,,,,,,,,0.3369698417073008,33.454941065761844,,,,,,,,
,,,,,,,,,,,,0.5639979198106578,2.752545244317173,,,,,,,,
,,,,,,,,,,,,0.9216079735181403,0.8914225062226531,,,,,,,,
,,,,,,,,,,,,0.5618210125829205,4.418739211509183,,,,,,,,
,,,,,,,,,,,,0.6515399830940418,1.5537389494834144,,,,,,,,
,,,,,,,,,,,,0.8179018601369665,2.6656712022932387,,,,,,,,
,,,,,,,,,,,,0.9431086037417084,5.591960159695924,,,,,,,,
,,,,,,,,,,,,0.8958546327357197,5.7619922108530925,,,,,,,,
,,,,,,,,,,,,0.5123311075055711,3.9647298352917906,,,,,,,,
,,,,,,,,,,,,0.5604722930276664,7.169392751176332,,,,,,,,
,,,,,,,,,,,,0.7039690641973042,1.4541574822706362,,,,,,,,
,,,,,,,,,,,,0.8598194839763397,1.3149823507635472,,,,,,,,
,,,,,,,,,,,,0.7585526189052505,1.9921329783119908,,,,,,,,
,,,,,,,,,,,,0.7983024604795457,3.119589834680363,,,,,,,,
,,,,,,,,,,,,0.7013253903493092,3.604350855589722,,,,,,,,
,,,,,,,,,,,,0.6038621901513049,5.097002068863547,,,,,,,,
,,,,,,,,,,,,0.6007063999060668,5.57939778013896,,,,,,,,
,,,,,,,,,,,,0.3527685582778717,4.567399521850928,,,,,,,,
,,,,,,,,,,,,0.40345726654750796,10.296926755948826,,,,,,,,
,,,,,,,,,,,,0.5557124067869729,3.0938897857517964,,,,,,,,
,,,,,,,,,,,,0.8057174386906323,0.8636811142299021,,,,,,,,
,,,,,,,,,,,,0.7087255023954425,1.4637627726157192,,,,,,,,
,,,,,,,,,,,,0.5091559950731663,1.0606860681388477,,,,,,,,
,,,,,,,,,,,,0.5567748096573693,2.0639515433780242,,,,,,,,
,,,,,,,,,,,,0.5075766834384937,3.6012246912837007,,,,,,,,
,,,,,,,,,,,,0.5059800342671418,4.290498607994727,,,,,,,,
,,,,,,,,,,,,0.3047553253768502,3.960828721185125,,,,,,,,
,,,,,,,,,,,,0.3058048554633855,4.475251814421596,,,,,,,,
,,,,,,,,,,,,0.4087272910585874,1.4380870694307268,,,,,,,,
,,,,,,,,,,,,0.7108417677950953,0.6535561147905903,,,,,,,,
,,,,,,,,,,,,0.6086393327966001,0.7522955328204389,,,,,,,,
,,,,,,,,,,,,0.8264063185403414,1.9586061953796339,,,,,,,,
,,,,,,,,,,,,0.778161936154305,2.6922417321949514,,,,,,,,
,,,,,,,,,,,,0.5879987853782219,2.049235312125334,,,,,,,,
,,,,,,,,,,,,0.6255922915536405,2.460331486160877,,,,,,,,
,,,,,,,,,,,,0.3432622379052275,1.4622485285323437,,,,,,,,
,,,,,,,,,,,,0.34431981362528824,1.941020005599115,,,,,,,,
,,,,,,,,,,,,0.544606107807494,1.243275131035085,,,,,,,,
,,,,,,,,,,,,0.8842200156875493,0.5951336907569165,,,,,,,,
,,,,,,,,,,,,0.7823848571627684,0.7871426932636628,,,,,,,,
,,,,,,,,,,,,0.9027616509859387,6.883560284274299,,,,,,,,
,,,,,,,,,,,,0.7548282334367913,6.3342063486663065,,,,,,,,
,,,,,,,,,,,,0.705541445838044,11.463329693341999,,,,,,,,
,,,,,,,,,,,,0.700242769897628,11.3791149525688,,,,,,,,
,,,,,,,,,,,,0.45099827505460044,9.811636276609548,,,,,,,,
,,,,,,,,,,,,0.40398543019252364,10.309715743138437,,,,,,,,
,,,,,,,,,,,,0.6081066783487317,5.1316481186341045,,,,,,,,
,,,,,,,,,,,,0.7606556555096872,0.8439478508189882,,,,,,,,
,,,,,,,,,,,,0.6112889469450411,0.9813333468787663,,,,,,,,
,,,,,,,,,,,,30.140026921011174,0.04190657944255768,,,,,,,,
,,,,,,,,,,,,32.18550365823424,0.04362327472524624,,,,,,,,
,,,,,,,,,,,,36.07279904450057,0.04853512078181328,,,,,,,,
,,,,,,,,,,,,37.00656668357419,0.04975489087512778,,,,,,,,
,,,,,,,,,,,,37.00656668357419,0.051090130819667894,,,,,,,,
,,,,,,,,,,,,36.538923214341295,0.05079755048584792,,,,,,,,
,,,,,,,,,,,,37.00656668357419,0.05042279937711111,,,,,,,,
,,,,,,,,,,,,36.538923214341295,0.051461831380124556,,,,,,,,
,,,,,,,,,,,,36.538923214341295,0.05212344018192047,,,,,,,,
,,,,,,,,,,,,14.793021695735204,0.04447423179426507,,,,,,,,
,,,,,,,,,,,,14.793021695735204,0.044992928319425904,,,,,,,,
,,,,,,,,,,,,11.373478308211107,0.05566428305705905,,,,,,,,
,,,,,,,,,,,,10.662010018634277,0.04566278287320587,,,,,,,,
,,,,,,,,,,,,12.068283841540708,0.05212749665175027,,,,,,,,
,,,,,,,,,,,,12.755375451466849,0.049764959063745486,,,,,,,,
,,,,,,,,,,,,12.755375451466849,0.04141959541431178,,,,,,,,
,,,,,,,,,,,,15.456357695675656,0.0472190453438152,,,,,,,,
,,,,,,,,,,,,17.413090027004376,0.04685355381841049,,,,,,,,
,,,,,,,,,,,,19.304269206884165,0.05234925605915764,,,,,,,,
,,,,,,,,,,,,20.540564209802465,0.05258177870560856,,,,,,,,
,,,,,,,,,,,,21.745269500752734,0.052010391847782896,,,,,,,,
,,,,,,,,,,,,22.34287624798126,0.05263336294586967,,,,,,,,
,,,,,,,,,,,,22.932861589241885,0.052751870410069436,,,,,,,,
,,,,,,,,,,,,23.522358266781506,0.05347082823673487,,,,,,,,
,,,,,,,,,,,,23.522358266781506,0.04951810322072988,,,,,,,,
,,,,,,,,,,,,24.677695967828605,0.05389381067547263,,,,,,,,
,,,,,,,,,,,,25.242830225259127,0.05413677478233641,,,,,,,,
,,,,,,,,,,,,25.242830225259127,0.05468745635126467,,,,,,,,
,,,,,,,,,,,,9.950513389759577,0.05170851723168778,,,,,,,,
,,,,,,,,,,,,9.950513389759577,0.05170851723168778,,,,,,,,
,,,,,,,,,,,,10.662010018634277,0.04781680379534968,,,,,,,,
,,,,,,,,,,,,11.373478308211107,0.05894492188411407,,,,,,,,
,,,,,,,,,,,,11.373478308211107,0.05829168597329669,,,,,,,,
,,,,,,,,,,,,11.373478308211107,0.05894492188411407,,,,,,,,
,,,,,,,,,,,,10.662010018634277,0.04781680379534968,,,,,,,,
,,,,,,,,,,,,10.662010018634277,0.06467018518276815,,,,,,,,
,,,,,,,,,,,,10.662010018634277,0.06467018518276815,,,,,,,,
,,,,,,,,,,,,9.950513389759577,0.052295304899504194,,,,,,,,
,,,,,,,,,,,,9.950513389759577,0.07473893219154984,,,,,,,,
,,,,,,,,,,,,9.231378103172093,0.05939040538330237,,,,,,,,
,,,,,,,,,,,,9.231378103172093,0.09090641451006064,,,,,,,,
,,,,,,,,,,,,9.231378103172093,0.09090641451006064,,,,,,,,
,,,,,,,,,,,,8.504381203730297,0.06997194028516154,,,,,,,,
,,,,,,,,,,,,8.504381203730297,0.12291308225876345,,,,,,,,
,,,,,,,,,,,,18.051354966215317,0.0506099265303651,,,,,,,,
,,,,,,,,,,,,20.540564209802465,0.04926767906564311,,,,,,,,
,,,,,,,,,,,,20.540564209802465,0.04975876301428461,,,,,,,,
,,,,,,,,,,,,20.540564209802465,0.054749200962353306,,,,,,,,
,,,,,,,,,,,,21.147198524034266,0.05416248013577705,,,,,,,,
,,,,,,,,,,,,21.745269500752734,0.05471768121407341,,,,,,,,
,,,,,,,,,,,,22.34287624798126,0.055342062164804674,,,,,,,,
,,,,,,,,,,,,22.932861589241885,0.050706907130510646,,,,,,,,
,,,,,,,,,,,,23.522358266781506,0.051030725699814726,,,,,,,,
,,,,,,,,,,,,24.103693145939683,0.051370402448671276,,,,,,,,
,,,,,,,,,,,,8.504381203730297,0.12574545086120067,,,,,,,,
,,,,,,,,,,,,8.504381203730297,0.07158295795849569,,,,,,,,
,,,,,,,,,,,,9.231378103172093,0.09194445895726792,,,,,,,,
,,,,,,,,,,,,9.950513389759577,0.07557853992089163,,,,,,,,
,,,,,,,,,,,,9.950513389759577,0.05288504727431573,,,,,,,,
,,,,,,,,,,,,10.662010018634277,0.06467018518276815,,,,,,,,
,,,,,,,,,,,,10.662010018634277,0.06539846314188343,,,,,,,,
,,,,,,,,,,,,10.662010018634277,0.04889432030058735,,,,,,,,
,,,,,,,,,,,,11.373478308211107,0.05960246317596834,,,,,,,,
,,,,,,,,,,,,12.068283841540708,0.05516490660188472,,,,,,,,
,,,,,,,,,,,,12.755375451466849,0.05263008625200876,,,,,,,,
,,,,,,,,,,,,14.122160328721591,0.049304691766669524,,,,,,,,
,,,,,,,,,,,,14.793021695735204,0.04861809819615903,,,,,,,,
,,,,,,,,,,,,14.793021695735204,0.0491363457199625,,,,,,,,
,,,,,,,,,,,,16.110778675536594,0.048083047335118534,,,,,,,,
,,,,,,,,,,,,16.76613476889227,0.04813602414975016,,,,,,,,
,,,,,,,,,,,,17.413090027004376,0.04783950828498548,,,,,,,,
,,,,,,,,,,,,18.051354966215317,0.04766392281189938,,,,,,,,
,,,,,,,,,,,,18.682044009674197,0.048073319422165584,,,,,,,,
,,,,,,,,,,,,19.304269206884165,0.04856156743563754,,,,,,,,
,,,,,,,,,,,,0.9932344323937881,0.8612045211378033,,,,,,,,
,,,,,,,,,,,,0.9938994577349436,0.999075699434788,,,,,,,,
,,,,,,,,,,,,1.1709074283351533,1.0478829855192293,,,,,,,,
,,,,,,,,,,,,1.1112400352645284,0.9958426820377667,,,,,,,,
,,,,,,,,,,,,1.0528891009761157,0.8499159140980278,,,,,,,,
,,,,,,,,,,,,1.0522237315192584,0.8793750285914336,,,,,,,,
,,,,,,,,,,,,1.112536784901927,0.961793046687511,,,,,,,,
,,,,,,,,,,,,1.0528891009761157,0.8214660559794806,,,,,,,,
,,,,,,,,,,,,1.112536784901927,0.7852582542387776,,,,,,,,
,,,,,,,,,,,,1.0541961564114248,0.8224799324406512,,,,,,,,
,,,,,,,,,,,,1.35069194453896,0.6328698982977604,,,,,,,,
,,,,,,,,,,,,1.5266475690346406,0.4396896496605119,,,,,,,,
,,,,,,,,,,,,1.6955039896057649,0.4324665058918104,,,,,,,,
,,,,,,,,,,,,1.8657515999794307,0.4747208619902355,,,,,,,,
,,,,,,,,,,,,1.8677393946013432,0.42487073875918646,,,,,,,,
,,,,,,,,,,,,1.6974481105079968,0.45009659184621575,,,,,,,,
,,,,,,,,,,,,1.6987913703504216,0.5417924760568732,,,,,,,,
,,,,,,,,,,,,1.468233978735466,0.6688740576081402,,,,,,,,
,,,,,,,,,,,,1.352012152047775,0.5866452337673024,,,,,,,,
,,,,,,,,,,,,1.5844686679775182,0.4653424565709595,,,,,,,,
,,,,,,,,,,,,1.288322868202044,1.1095289257129524,,,,,,,,
,,,,,,,,,,,,1.4071473972707513,0.7332417546719096,,,,,,,,
,,,,,,,,,,,,0.9945615662653854,1.7789211814059573,,,,,,,,
,,,,,,,,,,,,2.1275574580504215,0.6160349458743148,,,,,,,,
,,,,,,,,,,,,2.496164719966027,0.7197720371247156,,,,,,,,
,,,,,,,,,,,,2.341457182262454,0.5580015484441184,,,,,,,,
,,,,,,,,,,,,2.1288524343674573,0.5337698247992967,,,,,,,,
,,,,,,,,,,,,2.1808237188772113,0.5926956319307947,,,,,,,,
,,,,,,,,,,,,1.9650749409243045,0.5543485401093812,,,,,,,,
,,,,,,,,,,,,1.79930124558147,0.5383880163793734,,,,,,,,
,,,,,,,,,,,,1.518761703802747,0.8734889553058268,,,,,,,,
,,,,,,,,,,,,1.5746065240111873,0.7211148130742677,,,,,,,,
,,,,,,,,,,,,2.2309016517951714,0.5649818938042148,,,,,,,,
,,,,,,,,,,,,2.177575005787927,0.588790293833271,,,,,,,,
,,,,,,,,,,,,2.4481384869098286,0.4803733367888766,,,,,,,,
,,,,,,,,,,,,2.9047052361202828,0.31122964611372783,,,,,,,,
,,,,,,,,,,,,2.753799204809065,0.4683433293446919,,,,,,,,
,,,,,,,,,,,,2.654966260290122,0.377967398972033,,,,,,,,
,,,,,,,,,,,,2.804482619317681,0.5079904257195785,,,,,,,,
,,,,,,,,,,,,3.2943207121882176,0.4080683370935857,,,,,,,,
,,,,,,,,,,,,2.954138820235754,0.4250129376548005,,,,,,,,
,,,,,,,,,,,,2.8571417800773786,0.39340789958907785,,,,,,,,
,,,,,,,,,,,,2.3941227842663837,0.5338861456706228,,,,,,,,
,,,,,,,,,,,,2.3882220043895748,0.3870233647832143,,,,,,,,
,,,,,,,,,,,,1.4609757701836337,0.9020260946504088,,,,,,,,
,,,,,,,,,,,,1.3454376379597799,0.7478709158719261,,,,,,,,
,,,,,,,,,,,,1.3467162890851212,1.0730232940235451,,,,,,,,
,,,,,,,,,,,,1.3454376379597799,1.2583871780320253,,,,,,,,
,,,,,,,,,,,,1.963746818235691,0.8710384649347863,,,,,,,,
,,,,,,,,,,,,2.015070064150471,0.8460258007620345,,,,,,,,
,,,,,,,,,,,,1.631092601398369,0.6377025153014708,,,,,,,,
,,,,,,,,,,,,0.9938994577349436,0.7645867721183603,,,,,,,,
,,,,,,,,,,,,1.4609757701836337,1.0507492183310734,,,,,,,,
,,,,,,,,,,,,1.853236328357776,0.9564190638784983,,,,,,,,
,,,,,,,,,,,,1.9078592001851735,0.533049615676267,,,,,,,,
,,,,,,,,,,,,1.7980426153151656,0.89074985536245,,,,,,,,
,,,,,,,,,,,,2.019639186120389,0.5505330471582265,,,,,,,,
,,,,,,,,,,,,2.5475863476628535,0.45055042124812034,,,,,,,,
,,,,,,,,,,,,2.85189240854781,0.3083871347240019,,,,,,,,
,,,,,,,,,,,,2.85189240854781,0.3371209663114859,,,,,,,,
,,,,,,,,,,,,2.654966260290122,0.3529592005373041,,,,,,,,
,,,,,,,,,,,,2.5521461796975013,0.3614272292328429,,,,,,,,
,,,,,,,,,,,,2.4442188818260604,0.3097352209254314,,,,,,,,
,,,,,,,,,,,,2.4442188818260604,0.4462982598833137,,,,,,,,
,,,,,,,,,,,,2.5475863476628535,0.40011254638655375,,,,,,,,
,,,,,,,,,,,,2.7009986880265746,0.32403710490964044,,,,,,,,
,,,,,,,,,,,,3.10444737327095,0.28951521740180547,,,,,,,,
,,,,,,,,,,,,2.705650174159496,0.24980634088616005,,,,,,,,
,,,,,,,,,,,,2.5001760783118723,0.3612739710909525,,,,,,,,
,,,,,,,,,,,,2.4481384869098286,0.3506512495479411,,,,,,,,
,,,,,,,,,,,,2.339479217212122,0.3439071960661474,,,,,,,,
,,,,,,,,,,,,2.1808237188772113,0.3955060441674183,,,,,,,,
,,,,,,,,,,,,2.019639186120389,0.3486431580046008,,,,,,,,
,,,,,,,,,,,,1.800006950118174,0.441312823009284,,,,,,,,
,,,,,,,,,,,,2.0736075088282466,0.6174027697810576,,,,,,,,
,,,,,,,,,,,,2.396738327784513,0.3335756905343996,,,,,,,,
,,,,,,,,,,,,3.3543966971171226,0.3530814531076903,,,,,,,,
,,,,,,,,,,,,3.1109186974809155,0.3121440916083995,,,,,,,,
,,,,,,,,,,,,3.4117716551993107,0.3138735579148143,,,,,,,,
,,,,,,,,,,,,2.9131916145692998,0.31484477109356673,,,,,,,,
,,,,,,,,,,,,2.285487857841923,0.47566200262757724,,,,,,,,
,,,,,,,,,,,,1.2312745574382984,0.9078500918893471,,,,,,,,
,,,,,,,,,,,,2.286160118848764,0.6029655372770735,,,,,,,,
,,,,,,,,,,,,2.911901821393189,0.2963100519218362,,,,,,,,
,,,,,,,,,,,,2.863804211684335,0.3449230221730526,,,,,,,,
,,,,,,,,,,,,2.911901821393189,0.3420548301837538,,,,,,,,
,,,,,,,,,,,,2.863804211684335,0.35272580202596815,,,,,,,,
,,,,,,,,,,,,2.9125614152461625,0.36032634169491007,,,,,,,,
,,,,,,,,,,,,2.7590545510545312,0.353522738420976,,,,,,,,
,,,,,,,,,,,,3.1129595362326143,0.3227171701019939,,,,,,,,
,,,,,,,,,,,,3.451316297355655,0.34965120418338813,,,,,,,,
,,,,,,,,,,,,3.0121525834217286,0.38010593395054487,,,,,,,,
,,,,,,,,,,,,2.956116779429146,0.3274759066879526,,,,,,,,
,,,,,,,,,,,,2.9554173496329494,0.3632049769759169,,,,,,,,
,,,,,,,,,,,,2.7023960341865045,0.37821014156781557,,,,,,,,
,,,,,,,,,,,,2.862487901353341,0.35918128595594967,,,,,,,,
,,,,,,,,,,,,2.7036935643591766,0.3823190439865234,,,,,,,,
,,,,,,,,,,,,2.1808237188772113,0.44083056022857364,,,,,,,,
,,,,,,,,,,,,0.9913291510694523,0.37091151375106507,,,,,,,,
,,,,,,,,,,,,0.9925799181069644,0.31076133629902186,,,,,,,,
,,,,,,,,,,,,1.04815175088092,0.47638622829451993,,,,,,,,
,,,,,,,,,,,,0.9913291510694523,0.35964838684108147,,,,,,,,
,,,,,,,,,,,,0.9364118901583496,0.3989885161153247,,,,,,,,
,,,,,,,,,,,,0.9364118901583496,0.28546801560814883,,,,,,,,
,,,,,,,,,,,,0.9913291510694523,0.37091151375106507,,,,,,,,
,,,,,,,,,,,,0.9925799181069644,0.3955876163458831,,,,,,,,
,,,,,,,,,,,,0.9919627206418027,0.3829547889484556,,,,,,,,
,,,,,,,,,,,,0.9357979837934445,0.3735373592436643,,,,,,,,
,,,,,,,,,,,,1.0475212446297186,0.3913741821176058,,,,,,,,
,,,,,,,,,,,,1.3230621706207701,0.43549423417535815,,,,,,,,
,,,,,,,,,,,,1.430586991838532,0.25801778031114336,,,,,,,,
,,,,,,,,,,,,1.4831996584161948,0.24565572481641773,,,,,,,,
,,,,,,,,,,,,1.5382619771260335,0.23478043558393885,,,,,,,,
,,,,,,,,,,,,1.7567189370305867,0.19925085841325677,,,,,,,,
,,,,,,,,,,,,1.7523417721222547,0.18900520824711778,,,,,,,,
,,,,,,,,,,,,1.5939075744100366,0.1908876642046325,,,,,,,,
,,,,,,,,,,,,1.541343479684588,0.22188437530533744,,,,,,,,
,,,,,,,,,,,,1.3786703311789035,0.25433962375682645,,,,,,,,
,,,,,,,,,,,,1.267436989794196,0.32630317202365916,,,,,,,,
,,,,,,,,,,,,1.3780785695314848,0.21954242299899268,,,,,,,,
,,,,,,,,,,,,1.482558018288642,0.26148547480854867,,,,,,,,
,,,,,,,,,,,,1.2680155321155677,0.2683482118325364,,,,,,,,
,,,,,,,,,,,,0.8235589348057689,0.36405675281234473,,,,,,,,
,,,,,,,,,,,,1.699130223287227,0.34077021310671163,,,,,,,,
,,,,,,,,,,,,1.855110448296143,0.3054731024641272,,,,,,,,
,,,,,,,,,,,,2.126514855574364,0.18185156709689143,,,,,,,,
,,,,,,,,,,,,1.9140348412609058,0.1484702622878824,,,,,,,,
,,,,,,,,,,,,1.868194044935676,0.15651188301102978,,,,,,,,
,,,,,,,,,,,,1.8588832273553795,0.2768145514160766,,,,,,,,
,,,,,,,,,,,,1.8056381440620553,0.28858844978046333,,,,,,,,
,,,,,,,,,,,,1.6483924093046438,0.33087394620052657,,,,,,,,
,,,,,,,,,,,,1.4318545963798461,0.538101091316758,,,,,,,,
,,,,,,,,,,,,1.5400882723673615,0.36149473967419865,,,,,,,,
,,,,,,,,,,,,1.4875329702649343,0.2628166323902509,,,,,,,,
,,,,,,,,,,,,2.0192568929011343,0.15172262452639185,,,,,,,,
,,,,,,,,,,,,1.9678735753645544,0.22264110815117796,,,,,,,,
,,,,,,,,,,,,2.4402148110078183,0.10758890108970282,,,,,,,,
,,,,,,,,,,,,2.442038532244485,0.1252117995962298,,,,,,,,
,,,,,,,,,,,,2.3397639411651396,0.1032400292926908,,,,,,,,
,,,,,,,,,,,,2.2405453581923274,0.06934528600756094,,,,,,,,
,,,,,,,,,,,,2.597124483144526,0.11180337428602967,,,,,,,,
,,,,,,,,,,,,2.4922945955810216,0.08103906807720501,,,,,,,,
,,,,,,,,,,,,2.3918011513907316,0.10011048816084278,,,,,,,,
,,,,,,,,,,,,2.029851265268675,0.11589171398410134,,,,,,,,
,,,,,,,,,,,,2.0273345342855427,0.10750520661737241,,,,,,,,
,,,,,,,,,,,,1.1592809104485597,0.4424699969887267,,,,,,,,
,,,,,,,,,,,,1.1586658058398462,0.36129646362872847,,,,,,,,
,,,,,,,,,,,,1.1030772300170508,0.34493912795637394,,,,,,,,
,,,,,,,,,,,,0.9931941421319082,0.4368995722838258,,,,,,,,
,,,,,,,,,,,,1.6979072251105813,0.14860261618890996,,,,,,,,
,,,,,,,,,,,,1.5400882723673615,0.1320815222361295,,,,,,,,
,,,,,,,,,,,,1.4831996584161948,0.23428308081921814,,,,,,,,
,,,,,,,,,,,,0.9925799181069644,0.5706134466717748,,,,,,,,
,,,,,,,,,,,,0.9925799181069644,0.23410720608366792,,,,,,,,
,,,,,,,,,,,,1.3755699024372774,0.24308367780571016,,,,,,,,
,,,,,,,,,,,,1.5939075744100366,0.20427267778606314,,,,,,,,
,,,,,,,,,,,,1.429412315914606,0.2578100435411319,,,,,,,,
,,,,,,,,,,,,1.5357731763213212,0.21141223631812647,,,,,,,,
,,,,,,,,,,,,1.8576394350956897,0.19489850798498848,,,,,,,,
,,,,,,,,,,,,2.126514855574364,0.21260674965886645,,,,,,,,
,,,,,,,,,,,,2.6375225495022794,0.2378506654713393,,,,,,,,
,,,,,,,,,,,,2.026162954426546,0.16236960463173958,,,,,,,,
,,,,,,,,,,,,2.335465137968078,0.23021654061096336,,,,,,,,
,,,,,,,,,,,,2.231278757427416,0.23193657503340973,,,,,,,,
,,,,,,,,,,,,2.126514855574364,0.19324851017482986,,,,,,,,
,,,,,,,,,,,,2.375757192980098,0.22697885807319723,,,,,,,,
,,,,,,,,,,,,1.9604569461287509,0.16677567608194352,,,,,,,,
,,,,,,,,,,,,2.1804256570159852,0.23649223530829702,,,,,,,,
,,,,,,,,,,,,2.329252197627692,0.18888022628270787,,,,,,,,
,,,,,,,,,,,,2.775809654744652,0.24712447867373746,,,,,,,,
,,,,,,,,,,,,2.584774875646899,0.2595968071313392,,,,,,,,
,,,,,,,,,,,,2.630043698331001,0.29174412842873,,,,,,,,
,,,,,,,,,,,,2.5772713404463605,0.22933766377034207,,,,,,,,
,,,,,,,,,,,,2.375757192980098,0.21811365515837974,,,,,,,,
,,,,,,,,,,,,2.474915507118368,0.3351538423753151,,,,,,,,
,,,,,,,,,,,,2.22259889322704,0.2158543329651832,,,,,,,,
,,,,,,,,,,,,2.166209621109601,0.275635487725995,,,,,,,,
,,,,,,,,,,,,1.9629702826541804,0.21191462951607937,,,,,,,,
,,,,,,,,,,,,1.4844185362093398,0.18449291637538115,,,,,,,,
,,,,,,,,,,,,1.8012304211173533,0.2871748036318318,,,,,,,,
,,,,,,,,,,,,0.9925799181069644,0.32773977843700186,,,,,,,,
,,,,,,,,,,,,1.0475212446297186,0.3033634970980441,,,,,,,,
,,,,,,,,,,,,2.126514855574364,0.20647905580933704,,,,,,,,
,,,,,,,,,,,,1.37744515365389,0.27484510695513853,,,,,,,,
,,,,,,,,,,,,2.1203129667319955,0.22506690319097125,,,,,,,,
,,,,,,,,,,,,2.2250721796025332,0.2189605944940057,,,,,,,,
,,,,,,,,,,,,2.392496595989367,0.14577007318647808,,,,,,,,
,,,,,,,,,,,,2.541994683168266,0.1461449066595525,,,,,,,,
,,,,,,,,,,,,2.6926297712369927,0.16932977506197958,,,,,,,,
,,,,,,,,,,,,2.8875332455370564,0.19462871786901303,,,,,,,,
,,,,,,,,,,,,2.6423773384622224,0.14523561802332502,,,,,,,,
,,,,,,,,,,,,2.3888033520529,0.21534678937774754,,,,,,,,
,,,,,,,,,,,,1.104939525962927,0.47294536691624994,,,,,,,,
,,,,,,,,,,,,1.699130223287227,0.24398200317209168,,,,,,,,
,,,,,,,,,,,,1.5394636541278839,0.4081255026060368,,,,,,,,
,,,,,,,,,,,,2.2387056135953554,0.1554031898498079,,,,,,,,
,,,,,,,,,,,,2.490416505408102,0.18597984962246766,,,,,,,,
,,,,,,,,,,,,2.2876598958011214,0.2761733418737913,,,,,,,,
,,,,,,,,,,,,2.5388429661496104,0.24876748189429126,,,,,,,,
,,,,,,,,,,,,2.541994683168266,0.2548141088884843,,,,,,,,
,,,,,,,,,,,,2.3397639411651396,0.24810433992549286,,,,,,,,
,,,,,,,,,,,,2.1866555316660157,0.21805001239409538,,,,,,,,
,,,,,,,,,,,,2.3385224822827095,0.21758471249516131,,,,,,,,
,,,,,,,,,,,,2.4917049080851883,0.2196911134271797,,,,,,,,
,,,,,,,,,,,,2.641207446223476,0.2377544337788538,,,,,,,,
,,,,,,,,,,,,2.8373528442667526,0.1892267027240142,,,,,,,,
,,,,,,,,,,,,2.8422967998036754,0.1938615614511263,,,,,,,,
,,,,,,,,,,,,2.7913923316901568,0.1953388548874658,,,,,,,,
,,,,,,,,,,,,2.8894275379687677,0.18567399349483488,,,,,,,,
,,,,,,,,,,,,2.7907130085436695,0.27878942979777693,,,,,,,,
,,,,,,,,,,,,2.5921512872430563,0.25813024872684953,,,,,,,,
,,,,,,,,,,,,2.541994683168266,0.23920572912895421,,,,,,,,
,,,,,,,,,,,,2.339099639170645,0.24966932474742148,,,,,,,,
,,,,,,,,,,,,2.2827159055401056,0.2868632139233213,,,,,,,,
,,,,,,,,,,,,1.7573604142013814,0.2254165986454581,,,,,,,,
,,,,,,,,,,,,0.9916006313205519,0.900794981518111,,,,,,,,
,,,,,,,,,,,,1.0438555482841483,1.1009922003415322,,,,,,,,
,,,,,,,,,,,,0.9922041869747873,0.8393498901008579,,,,,,,,
,,,,,,,,,,,,0.9910543949181152,0.7324290747162188,,,,,,,,
,,,,,,,,,,,,1.0438555482841483,0.7224882059749668,,,,,,,,
,,,,,,,,,,,,0.9916006313205519,0.7095113712404801,,,,,,,,
,,,,,,,,,,,,1.0438555482841483,0.7224882059749668,,,,,,,,
,,,,,,,,,,,,1.0438555482841483,0.6789326319841916,,,,,,,,
,,,,,,,,,,,,1.0438555482841483,0.8818352469830087,,,,,,,,
,,,,,,,,,,,,1.0438555482841483,0.6586286958802404,,,,,,,,
,,,,,,,,,,,,1.2668886897543576,0.38615992419645906,,,,,,,,
,,,,,,,,,,,,1.3191410851337007,0.41017443886404203,,,,,,,,
,,,,,,,,,,,,1.3191410851337007,0.41017443886404203,,,,,,,,
,,,,,,,,,,,,1.4301711525859213,0.40051909408573166,,,,,,,,
,,,,,,,,,,,,1.3749608794452586,0.34965120418338813,,,,,,,,
,,,,,,,,,,,,1.2675055439822405,0.42998987894586665,,,,,,,,
,,,,,,,,,,,,1.214622541263763,0.5341396467727262,,,,,,,,
,,,,,,,,,,,,1.1083475423210836,0.6039094384707616,,,,,,,,
,,,,,,,,,,,,1.1612223916005024,0.6885340368479599,,,,,,,,
,,,,,,,,,,,,1.214622541263763,0.5341396467727262,,,,,,,,
,,,,,,,,,,,,1.1083475423210836,0.6580062380943857,,,,,,,,
,,,,,,,,,,,,0.7320209670377689,0.6702626995317574,,,,,,,,
,,,,,,,,,,,,1.52897685237504,0.4362116129399555,,,,,,,,
,,,,,,,,,,,,1.4772500983266827,0.5127645209552871,,,,,,,,
,,,,,,,,,,,,1.7353642300041365,0.44243556475413764,,,,,,,,
,,,,,,,,,,,,2.13210773959557,0.3940682171506321,,,,,,,,
,,,,,,,,,,,,1.6324330160479592,0.3213175825193701,,,,,,,,
,,,,,,,,,,,,1.583601195620618,0.47006862344971617,,,,,,,,
,,,,,,,,,,,,1.5818302437831058,0.4331182224523443,,,,,,,,
,,,,,,,,,,,,1.578886615570636,0.49251492116956885,,,,,,,,
,,,,,,,,,,,,1.474879953454799,0.42285532503307194,,,,,,,,
,,,,,,,,,,,,1.3186016196220247,0.542089806588535,,,,,,,,
,,,,,,,,,,,,1.4725036558002358,0.5111628874285982,,,,,,,,
,,,,,,,,,,,,1.6876812838397628,0.3245304720214145,,,,,,,,
,,,,,,,,,,,,1.7342030852021062,0.3250397669649711,,,,,,,,
,,,,,,,,,,,,1.751832406038962,0.2642892482036957,,,,,,,,
,,,,,,,,,,,,1.8035884017601895,0.2853525184736842,,,,,,,,
,,,,,,,,,,,,1.8042103988714466,0.24629315445062466,,,,,,,,
,,,,,,,,,,,,2.0108103453433586,0.24576089213589927,,,,,,,,
,,,,,,,,,,,,1.957854167136137,0.24271790779140592,,,,,,,,
,,,,,,,,,,,,2.008412271203584,0.23274841949408667,,,,,,,,
,,,,,,,,,,,,2.059078371373985,0.27884584444394395,,,,,,,,
,,,,,,,,,,,,1.963640607206251,0.22165656367682843,,,,,,,,
,,,,,,,,,,,,1.9589862490864354,0.2559120726823785,,,,,,,,
,,,,,,,,,,,,1.9077560118882915,0.2399272268515213,,,,,,,,
,,,,,,,,,,,,1.6888626611473025,0.22211328532660432,,,,,,,,
,,,,,,,,,,,,1.6900962843730356,0.18242562397764217,,,,,,,,
,,,,,,,,,,,,1.0989644715732838,0.4448038400793071,,,,,,,,
,,,,,,,,,,,,1.0444097032055628,0.4201916903367484,,,,,,,,
,,,,,,,,,,,,1.0444097032055628,0.4410707675883931,,,,,,,,
,,,,,,,,,,,,1.4237362664810453,0.2982046334663467,,,,,,,,
,,,,,,,,,,,,1.3186016196220247,0.28570026181485636,,,,,,,,
,,,,,,,,,,,,1.3186016196220247,0.337215426189466,,,,,,,,
,,,,,,,,,,,,0.8878592053568082,0.6708288820200456,,,,,,,,
,,,,,,,,,,,,0.9429428349522253,0.4500335475077437,,,,,,,,
,,,,,,,,,,,,1.1083475423210836,0.3260252335506443,,,,,,,,
,,,,,,,,,,,,1.2645439605001638,0.38957980852083934,,,,,,,,
,,,,,,,,,,,,1.3156051448339996,0.3592903150727917,,,,,,,,
,,,,,,,,,,,,1.2116780198294126,0.3903278544467817,,,,,,,,
,,,,,,,,,,,,1.521886455312349,0.302747950226392,,,,,,,,
,,,,,,,,,,,,1.7494711206411155,0.2590599857122145,,,,,,,,
,,,,,,,,,,,,2.00663424672942,0.25918601870677654,,,,,,,,
,,,,,,,,,,,,2.00663424672942,0.26675954513182465,,,,,,,,
,,,,,,,,,,,,2.0055288655534516,0.24147821368934833,,,,,,,,
,,,,,,,,,,,,1.800712931439486,0.18459631913950297,,,,,,,,
,,,,,,,,,,,,1.8530108095505136,0.17765793252462225,,,,,,,,
,,,,,,,,,,,,1.9295419744861182,0.25477841746753216,,,,,,,,
,,,,,,,,,,,,2.103791762204184,0.3041719705634762,,,,,,,,
,,,,,,,,,,,,2.011361015417855,0.22026974052756315,,,,,,,,
,,,,,,,,,,,,2.1556904324480914,0.21133985829376858,,,,,,,,
,,,,,,,,,,,,2.0037262994705367,0.24045527526384278,,,,,,,,
,,,,,,,,,,,,1.9024364903260178,0.183926666988492,,,,,,,,
,,,,,,,,,,,,1.9372345337677528,0.3668995134045804,,,,,,,,
,,,,,,,,,,,,1.7824470905788985,0.3218118177067513,,,,,,,,
,,,,,,,,,,,,1.4208130378574957,0.2976099762993742,,,,,,,,
,,,,,,,,,,,,1.574233965414095,0.26859474673518824,,,,,,,,
,,,,,,,,,,,,1.0538113504476552,0.7314863558236399,,,,,,,,
,,,,,,,,,,,,1.265711503482972,0.26592527991164977,,,,,,,,
,,,,,,,,,,,,1.7541731586826388,0.17291187389426899,,,,,,,,
,,,,,,,,,,,,2.0708405059048394,0.19797340399703145,,,,,,,,
,,,,,,,,,,,,2.1732876484856245,0.19708107140510617,,,,,,,,
,,,,,,,,,,,,2.171503130178797,0.2703173780087641,,,,,,,,
,,,,,,,,,,,,2.1691920463862107,0.28257147199430865,,,,,,,,
,,,,,,,,,,,,2.004308906695763,0.3068096440529958,,,,,,,,
,,,,,,,,,,,,1.7282629404624892,0.38208109765373677,,,,,,,,
,,,,,,,,,,,,1.0549697562110898,0.43899388063131434,,,,,,,,
,,,,,,,,,,,,1.37201256425627,0.40879779754333945,,,,,,,,
,,,,,,,,,,,,1.960741938487384,0.25331542283264474,,,,,,,,
,,,,,,,,,,,,1.9595955932222975,0.28065933741947413,,,,,,,,
,,,,,,,,,,,,2.1609582360546034,0.3757414642722423,,,,,,,,
,,,,,,,,,,,,2.066728361957262,0.24582114460383753,,,,,,,,
,,,,,,,,,,,,2.0125716597843972,0.3092739733654672,,,,,,,,
,,,,,,,,,,,,1.857765032881995,0.2680987736306547,,,,,,,,
,,,,,,,,,,,,1.91012429821804,0.2688864933056118,,,,,,,,
,,,,,,,,,,,,1.8059494692222604,0.26082496371077746,,,,,,,,
,,,,,,,,,,,,2.0684547465981318,0.2245280874727883,,,,,,,,
,,,,,,,,,,,,2.0673153107771975,0.27427141741840605,,,,,,,,
,,,,,,,,,,,,2.324084755959419,0.23625034485957372,,,,,,,,
,,,,,,,,,,,,2.3759178214845327,0.21481954126332173,,,,,,,,
,,,,,,,,,,,,2.121495956326695,0.26247222987103386,,,,,,,,
,,,,,,,,,,,,2.3253264109012357,0.22077600067598022,,,,,,,,
,,,,,,,,,,,,2.172707335618932,0.2650162728609931,,,,,,,,
,,,,,,,,,,,,2.067902426290022,0.242632923908212,,,,,,,,
,,,,,,,,,,,,1.9654469762150506,0.2901546605001616,,,,,,,,
,,,,,,,,,,,,1.8071342162435782,0.26332230047407235,,,,,,,,
,,,,,,,,,,,,1.8054184174387597,0.3006197311317741,,,,,,,,
,,,,,,,,,,,,1.5824827507448427,0.42770047780176107,,,,,,,,
,,,,,,,,,,,,1.4572369738501918,0.3372049293405789,,,,,,,,
,,,,,,,,,,,,1.459036121852738,0.32569176640769265,,,,,,,,
,,,,,,,,,,,,1.3068287931892841,0.3742677079613638,,,,,,,,
,,,,,,,,,,,,1.4084466048276085,0.4281383889529842,,,,,,,,
,,,,,,,,,,,,1.2551277410884822,0.4453077764453113,,,,,,,,
,,,,,,,,,,,,1.2539360494815726,0.46563225507633066,,,,,,,,
,,,,,,,,,,,,1.2017207496246207,0.4268243379584459,,,,,,,,
,,,,,,,,,,,,1.0467814152007178,0.409159036436232,,,,,,,,
,,,,,,,,,,,,1.1506368459852405,0.44865229545014446,,,,,,,,
,,,,,,,,,,,,1.1506368459852405,0.3443986533081686,,,,,,,,
,,,,,,,,,,,,1.2539360494815726,0.3523650248426625,,,,,,,,
,,,,,,,,,,,,1.2539360494815726,0.46563225507633066,,,,,,,,
,,,,,,,,,,,,1.0989644715732838,0.48454839416595524,,,,,,,,
,,,,,,,,,,,,1.3549678720236928,0.31992406478856367,,,,,,,,
,,,,,,,,,,,,1.4572369738501918,0.3140274796765553,,,,,,,,
,,,,,,,,,,,,1.4554695650363136,0.3368102227354528,,,,,,,,
,,,,,,,,,,,,1.5054256956023457,0.30777696266291926,,,,,,,,
,,,,,,,,,,,,1.5072130061027262,0.3484532867670169,,,,,,,,
,,,,,,,,,,,,1.558945128527292,0.3130855876671616,,,,,,,,
,,,,,,,,,,,,1.5101251031350758,0.34287568302696725,,,,,,,,
,,,,,,,,,,,,1.4090275908205734,0.3721012042685445,,,,,,,,
,,,,,,,,,,,,1.558945128527292,0.3130855876671616,,,,,,,,
,,,,,,,,,,,,1.6577469256408843,0.38933734325989383,,,,,,,,
,,,,,,,,,,,,1.1512515799885459,0.4284383584235583,,,,,,,,
,,,,,,,,,,,,1.0467814152007178,0.5555642651764473,,,,,,,,
,,,,,,,,,,,,1.3555817867476923,0.5516223400936867,,,,,,,,
,,,,,,,,,,,,1.4055167582136,0.5325665624523278,,,,,,,,
,,,,,,,,,,,,1.650650746786022,0.4134883122069033,,,,,,,,
,,,,,,,,,,,,1.6542090109744814,0.33547088970187167,,,,,,,,
,,,,,,,,,,,,1.4572369738501918,0.3663474366815456,,,,,,,,
,,,,,,,,,,,,1.3056365628636604,0.5665272663930404,,,,,,,,
,,,,,,,,,,,,1.4066955732152089,0.5668094990254948,,,,,,,,
,,,,,,,,,,,,1.5072130061027262,0.34119080126762397,,,,,,,,
,,,,,,,,,,,,1.9083494208206115,0.28770382775063996,,,,,,,,
,,,,,,,,,,,,1.8583177640327002,0.19239094868974824,,,,,,,,
,,,,,,,,,,,,1.764807951123093,0.1829502311169172,,,,,,,,
,,,,,,,,,,,,1.913685475897368,0.14927428908167018,,,,,,,,
,,,,,,,,,,,,1.8636273175561588,0.15985081191171613,,,,,,,,
,,,,,,,,,,,,1.764807951123093,0.1775218028919415,,,,,,,,
,,,,,,,,,,,,1.9118879001886597,0.20082391204082825,,,,,,,,
,,,,,,,,,,,,1.8671586135201075,0.17897831750943,,,,,,,,
,,,,,,,,,,,,2.1026399683976726,0.1749339653885122,,,,,,,,
,,,,,,,,,,,,1.960741938487384,0.1367053659546936,,,,,,,,
,,,,,,,,,,,,1.9654469762150506,0.14257095502233255,,,,,,,,
,,,,,,,,,,,,1.966583448524067,0.15533789773751075,,,,,,,,
,,,,,,,,,,,,1.7665807024556786,0.23493121899152347,,,,,,,,
,,,,,,,,,,,,1.7659358596665535,0.22521845886633318,,,,,,,,
,,,,,,,,,,,,1.7529816509432483,0.4282316902752724,,,,,,,,
,,,,,,,,,,,,1.6100889271145076,0.2711200557505342,,,,,,,,
,,,,,,,,,,,,1.6083535962586113,0.2871122351916271,,,,,,,,
,,,,,,,,,,,,1.6100889271145076,0.31419492470821,,,,,,,,
,,,,,,,,,,,,1.558945128527292,0.2777488958659481,,,,,,,,
,,,,,,,,,,,,1.3549678720236928,0.48344856573545814,,,,,,,,
,,,,,,,,,,,,1.2017207496246207,0.41245026207634894,,,,,,,,
,,,,,,,,,,,,1.2533808789422194,0.645571860120244,,,,,,,,
,,,,,,,,,,,,1.3532330061046156,0.6754228977946657,,,,,,,,
,,,,,,,,,,,,1.2504480712750752,0.7625545397725152,,,,,,,,
,,,,,,,,,,,,1.301560310197742,0.8956851461582949,,,,,,,,
,,,,,,,,,,,,1.302700376428025,0.5537815379118631,,,,,,,,
,,,,,,,,,,,,1.7476682746238923,0.26308162865382817,,,,,,,,
,,,,,,,,,,,,1.762429176058406,0.17316166704108452,,,,,,,,
,,,,,,,,,,,,1.8624055339755732,0.06826078704515062,,,,,,,,
,,,,,,,,,,,,1.8648183826643843,0.07010493194786771,,,,,,,,
,,,,,,,,,,,,1.762429176058406,0.10532972142148529,,,,,,,,
,,,,,,,,,,,,1.8600712604623806,0.15913154901716572,,,,,,,,
,,,,,,,,,,,,1.764807951123093,0.20658191957410987,,,,,,,,
,,,,,,,,,,,,1.9030539772396127,0.21467247737755057,,,,,,,,
,,,,,,,,,,,,1.7041923306753217,0.25727791806125877,,,,,,,,
,,,,,,,,,,,,1.8088883345592688,0.18297586026469467,,,,,,,,
,,,,,,,,,,,,2.0013366736994733,0.2262329085579361,,,,,,,,
,,,,,,,,,,,,1.8571496848579803,0.08441595258017479,,,,,,,,
,,,,,,,,,,,,2.0578954036367807,0.21076008526175594,,,,,,,,
,,,,,,,,,,,,1.9983823591519514,0.24313286718739627,,,,,,,,
,,,,,,,,,,,,1.8035884017601895,0.1049349629787123,,,,,,,,
,,,,,,,,,,,,1.7983587101373886,0.27995583980992644,,,,,,,,
,,,,,,,,,,,,1.65301275818705,0.22106397119987922,,,,,,,,
,,,,,,,,,,,,1.5054256956023457,0.2457761929507732,,,,,,,,
,,,,,,,,,,,,1.302700376428025,0.3269577057390383,,,,,,,,
,,,,,,,,,,,,1.3532330061046156,0.5254425815703293,,,,,,,,
,,,,,,,,,,,,1.200494539994784,0.4766532285336782,,,,,,,,
,,,,,,,,,,,,1.3549678720236928,0.4210345556590236,,,,,,,,
,,,,,,,,,,,,1.5072130061027262,0.3897405249058067,,,,,,,,
,,,,,,,,,,,,1.8135783991442047,0.25819855703884625,,,,,,,,
,,,,,,,,,,,,1.806572280586449,0.3171600700206313,,,,,,,,
,,,,,,,,,,,,1.8495062708650818,0.32450521763259793,,,,,,,,
,,,,,,,,,,,,1.905390661901555,0.28697597257100366,,,,,,,,
,,,,,,,,,,,,1.9589862490864354,0.2905738257320066,,,,,,,,
,,,,,,,,,,,,1.8571496848579803,0.3531583977762845,,,,,,,,
,,,,,,,,,,,,1.8088883345592688,0.27764084303876824,,,,,,,,
,,,,,,,,,,,,1.9001034285260638,0.28206725031237356,,,,,,,,
,,,,,,,,,,,,2.0013366736994733,0.2222939884707611,,,,,,,,
,,,,,,,,,,,,2.096202983822989,0.3317789725959254,,,,,,,,
,,,,,,,,,,,,1.9536295427117452,0.25913358153466887,,,,,,,,
,,,,,,,,,,,,2.1969247477104696,0.29101171345673704,,,,,,,,
,,,,,,,,,,,,1.9160093064042614,0.2335013148193645,,,,,,,,
,,,,,,,,,,,,1.913685475897368,0.2508524664094888,,,,,,,,
,,,,,,,,,,,,1.8135783991442047,0.21352949369495552,,,,,,,,
,,,,,,,,,,,,2.0578954036367807,0.25128035519421504,,,,,,,,
,,,,,,,,,,,,2.1969247477104696,0.22083786118353912,,,,,,,,
,,,,,,,,,,,,2.0125716597843972,0.20575723968271167,,,,,,,,
,,,,,,,,,,,,1.964251399083683,0.19520360823195465,,,,,,,,
,,,,,,,,,,,,2.246962197300834,0.23133630156453266,,,,,,,,
,,,,,,,,,,,,2.1097028327025793,0.21254057865456738,,,,,,,,
,,,,,,,,,,,,1.9171949630214666,0.20907991198830844,,,,,,,,
,,,,,,,,,,,,2.05496179687045,0.31345005214625,,,,,,,,
,,,,,,,,,,,,2.049079415757571,0.2712086856367194,,,,,,,,
,,,,,,,,,,,,2.1085335469978,0.23894246771934097,,,,,,,,
,,,,,,,,,,,,2.0125716597843972,0.27019434284303784,,,,,,,,
,,,,,,,,,,,,1.9619221150762116,0.2787330265651282,,,,,,,,
,,,,,,,,,,,,2.1026399683976726,0.2734094040826988,,,,,,,,
,,,,,,,,,,,,2.2004701019815234,0.2354556011115874,,,,,,,,
,,,,,,,,,,,,2.2504513607437824,0.24374478122341933,,,,,,,,
,,,,,,,,,,,,1.9207433508683978,0.23189145542912135,,,,,,,,
,,,,,,,,,,,,1.918361898402157,0.25089834649618525,,,,,,,,
,,,,,,,,,,,,2.051997688289739,0.21745098513950528,,,,,,,,
,,,,,,,,,,,,2.01784440133137,0.2253218906418027,,,,,,,,
,,,,,,,,,,,,2.160344700286756,0.32375605756664205,,,,,,,,
,,,,,,,,,,,,2.1544373937740344,0.24401618214402443,,,,,,,,
,,,,,,,,,,,,2.0101850757742166,0.20008527041333632,,,,,,,,
,,,,,,,,,,,,2.0125716597843972,0.18892726861326353,,,,,,,,
,,,,,,,,,,,,2.301147787761102,0.19815142953578133,,,,,,,,
,,,,,,,,,,,,2.254052616067207,0.2606950905942468,,,,,,,,
,,,,,,,,,,,,2.2004701019815234,0.27835260310349574,,,,,,,,
,,,,,,,,,,,,1.918361898402157,0.2623558279420507,,,,,,,,
,,,,,,,,,,,,2.244024557337495,0.23558573357186224,,,,,,,,
,,,,,,,,,,,,2.246962197300834,0.28107353471494373,,,,,,,,
,,,,,,,,,,,,2.060826231785424,0.22872987604428005,,,,,,,,
,,,,,,,,,,,,2.0638030931882656,0.1999062852969869,,,,,,,,
,,,,,,,,,,,,2.015506070678556,0.24048147423779445,,,,,,,,
,,,,,,,,,,,,2.2975955569540423,0.23409263172242514,,,,,,,,
,,,,,,,,,,,,2.2004701019815234,0.25444652858506045,,,,,,,,
,,,,,,,,,,,,2.0125716597843972,0.2394636899186779,,,,,,,,
,,,,,,,,,,,,2.015506070678556,0.20016391885418824,,,,,,,,
,,,,,,,,,,,,2.1969247477104696,0.1974472008636646,,,,,,,,
,,,,,,,,,,,,2.2033507250516084,0.15123576805208003,,,,,,,,
,,,,,,,,,,,,2.2004701019815234,0.30567523388450724,,,,,,,,
,,,,,,,,,,,,2.0578954036367807,0.33141898658025254,,,,,,,,
,,,,,,,,,,,,2.004308906695763,0.26242117003647764,,,,,,,,
,,,,,,,,,,,,2.1055775778322783,0.17955448248523678,,,,,,,,
,,,,,,,,,,,,2.2033507250516084,0.24496656099288333,,,,,,,,
,,,,,,,,,,,,2.2004701019815234,0.26798613285892064,,,,,,,,
,,,,,,,,,,,,2.1532797093803095,0.26608364105227345,,,,,,,,
,,,,,,,,,,,,2.051997688289739,0.19252724311582273,,,,,,,,
,,,,,,,,,,,,2.051997688289739,0.2496188129435161,,,,,,,,
,,,,,,,,,,,,2.1055775778322783,0.19470900956602183,,,,,,,,
,,,,,,,,,,,,2.2504513607437824,0.2329214608000635,,,,,,,,
,,,,,,,,,,,,2.2940875846833464,0.3121853898012524,,,,,,,,
,,,,,,,,,,,,2.2504513607437824,0.25663202948702846,,,,,,,,
,,,,,,,,,,,,2.1497958526945387,0.26568326280362936,,,,,,,,
,,,,,,,,,,,,2.05496179687045,0.2835031845992709,,,,,,,,
,,,,,,,,,,,,2.1085335469978,0.2573900639754107,,,,,,,,
,,,,,,,,,,,,2.3476788687894454,0.23905964371157898,,,,,,,,
,,,,,,,,,,,,2.4826664971069032,0.21649107673778695,,,,,,,,
,,,,,,,,,,,,2.1114365641785304,0.2663954634482397,,,,,,,,
,,,,,,,,,,,,2.2634444034207024,0.17579509499775603,,,,,,,,
,,,,,,,,,,,,2.440808814905187,0.2968143245483294,,,,,,,,
,,,,,,,,,,,,2.344205369535844,0.2667678490870483,,,,,,,,
,,,,,,,,,,,,2.1562443328268532,0.27787537105811405,,,,,,,,
,,,,,,,,,,,,2.051997688289739,0.3196577788932651,,,,,,,,
,,,,,,,,,,,,2.1532797093803095,0.3280613006047596,,,,,,,,
,,,,,,,,,,,,2.2940875846833464,0.32139760957263863,,,,,,,,
,,,,,,,,,,,,2.2004701019815234,0.4376124548628884,,,,,,,,
,,,,,,,,,,,,2.0578954036367807,0.3717090384896955,,,,,,,,
,,,,,,,,,,,,2.05496179687045,0.28080024893665484,,,,,,,,
,,,,,,,,,,,,2.1026399683976726,0.3085359649006001,,,,,,,,
,,,,,,,,,,,,2.1532797093803095,0.4012631626967577,,,,,,,,
,,,,,,,,,,,,2.1497958526945387,0.3453433607942764,,,,,,,,
,,,,,,,,,,,,2.004308906695763,0.2874240953860711,,,,,,,,
,,,,,,,,,,,,2.049079415757571,0.24727164375082908,,,,,,,,
,,,,,,,,,,,,1.95661029402557,0.23270495289056417,,,,,,,,
,,,,,,,,,,,,2.051997688289739,0.18567399349483488,,,,,,,,
,,,,,,,,,,,,2.1497958526945387,0.3277856908753918,,,,,,,,
,,,,,,,,,,,,2.1932813029721774,0.29005532461756983,,,,,,,,
,,,,,,,,,,,,1.9619221150762116,0.3159246901253169,,,,,,,,
,,,,,,,,,,,,2.05496179687045,0.2944973993023444,,,,,,,,
,,,,,,,,,,,,2.0991174080967525,0.282805763306522,,,,,,,,
,,,,,,,,,,,,2.1532797093803095,0.3458907014873496,,,,,,,,
,,,,,,,,,,,,2.1055775778322783,0.29240328495382506,,,,,,,,
,,,,,,,,,,,,2.051997688289739,0.2636390934288832,,,,,,,,
,,,,,,,,,,,,1.95661029402557,0.26408776527523947,,,,,,,,
,,,,,,,,,,,,2.049079415757571,0.28001684870497257,,,,,,,,
,,,,,,,,,,,,2.1026399683976726,0.24196918698544295,,,,,,,,
,,,,,,,,,,,,2.1450772934389706,0.349152251545721,,,,,,,,
,,,,,,,,,,,,2.1450772934389706,0.3870233647832143,,,,,,,,
,,,,,,,,,,,,2.0013366736994733,0.3210114130602736,,,,,,,,
,,,,,,,,,,,,1.358517755755236,0.3146879997820191,,,,,,,,
,,,,,,,,,,,,1.8165173978510403,0.29826497689075265,,,,,,,,
,,,,,,,,,,,,1.9689715142065394,0.18753640561457374,,,,,,,,
,,,,,,,,,,,,1.8707282201120436,0.323375834916125,,,,,,,,
,,,,,,,,,,,,2.0684547465981318,0.21128065834122725,,,,,,,,
,,,,,,,,,,,,1.8707282201120436,0.2868788411894681,,,,,,,,
,,,,,,,,,,,,1.7694973735628474,0.31233240711042043,,,,,,,,
,,,,,,,,,,,,1.963640607206251,0.32038124916951277,,,,,,,,
,,,,,,,,,,,,1.8695017812197077,0.332421206946325,,,,,,,,
,,,,,,,,,,,,1.863060411104093,0.3043637664887814,,,,,,,,
,,,,,,,,,,,,2.0101850757742166,0.3536520665266988,,,,,,,,
,,,,,,,,,,,,1.8177152223964148,0.325842608509799,,,,,,,,
,,,,,,,,,,,,1.9142354316749772,0.3146243337367306,,,,,,,,
,,,,,,,,,,,,1.9672217560576621,0.316871424417057,,,,,,,,
,,,,,,,,,,,,2.0166169509599867,0.21230996839171717,,,,,,,,
,,,,,,,,,,,,2.121495956326695,0.18699573721474733,,,,,,,,
,,,,,,,,,,,,2.2175031395769236,0.2171829318696376,,,,,,,,
,,,,,,,,,,,,2.0237465709047324,0.23589485701769752,,,,,,,,
,,,,,,,,,,,,1.9213278095321507,0.3136367147599101,,,,,,,,
,,,,,,,,,,,,1.9654469762150506,0.260662632420745,,,,,,,,
,,,,,,,,,,,,1.911312774206575,0.4401329858117819,,,,,,,,
,,,,,,,,,,,,1.861826411479763,0.37266195178011735,,,,,,,,
,,,,,,,,,,,,1.2591053943521122,0.37547839032964514,,,,,,,,
,,,,,,,,,,,,1.6578590083950393,0.2481699951082652,,,,,,,,
,,,,,,,,,,,,1.5985481186178976,0.2515209962911999,,,,,,,,
,,,,,,,,,,,,1.5361470185126311,0.6843938836915002,,,,,,,,
,,,,,,,,,,,,1.3660609978068459,0.3390046482426525,,,,,,,,
,,,,,,,,,,,,1.3113204431574141,0.3188329559633235,,,,,,,,
,,,,,,,,,,,,1.4851714298471703,0.3736551078535164,,,,,,,,
,,,,,,,,,,,,1.7706821498413832,0.37909563191290846,,,,,,,,
,,,,,,,,,,,,1.8249126057895024,0.23508667287798077,,,,,,,,
,,,,,,,,,,,,1.8249126057895024,0.34301713219621,,,,,,,,
,,,,,,,,,,,,1.8848966009185286,0.3166828366481748,,,,,,,,
,,,,,,,,,,,,1.7203356152385432,0.19997786012229055,,,,,,,,
,,,,,,,,,,,,1.7228672303400492,0.265786661955447,,,,,,,,
,,,,,,,,,,,,1.8848966009185286,0.29922514813152506,,,,,,,,
,,,,,,,,,,,,1.7725686563059142,0.4053227480931696,,,,,,,,
,,,,,,,,,,,,1.9952502860082646,0.27069313938920836,,,,,,,,
,,,,,,,,,,,,1.8325596922873104,0.266923596118043,,,,,,,,
,,,,,,,,,,,,1.6591092445322457,0.3344698861992585,,,,,,,,
,,,,,,,,,,,,1.4915209153691933,0.3822178986941623,,,,,,,,
,,,,,,,,,,,,1.7145530906448148,0.3334640842970459,,,,,,,,
,,,,,,,,,,,,1.8249126057895024,0.3543449138447939,,,,,,,,
,,,,,,,,,,,,1.4909109547646344,0.38957980852083934,,,,,,,,
,,,,,,,,,,,,1.4883478179268639,0.3823726023297786,,,,,,,,
,,,,,,,,,,,,1.4252531325491564,0.5126009407225728,,,,,,,,
,,,,,,,,,,,,1.5889796700466885,0.6567809755770335,,,,,,,,
,,,,,,,,,,,,1.3081415040047113,0.4399258117697123,,,,,,,,
,,,,,,,,,,,,1.192921530727837,0.5691012142564297,,,,,,,,
,,,,,,,,,,,,1.3641182381683168,0.49927405395195623,,,,,,,,
,,,,,,,,,,,,1.3654054111731622,0.31596771795784373,,,,,,,,
,,,,,,,,,,,,1.3106468204263244,0.6420771678931556,,,,,,,,
,,,,,,,,,,,,1.2451248459399233,0.36602114691882415,,,,,,,,
,,,,,,,,,,,,1.3062016326959376,0.5535144072902821,,,,,,,,
,,,,,,,,,,,,1.5405881494243923,0.25892494640431174,,,,,,,,
,,,,,,,,,,,,1.8848966009185286,0.1673386014286191,,,,,,,,
,,,,,,,,,,,,1.9378371120163198,0.13980713516027365,,,,,,,,
,,,,,,,,,,,,1.9326950316569775,0.19100133970116492,,,,,,,,
,,,,,,,,,,,,1.99591139228899,0.1639625296809415,,,,,,,,
,,,,,,,,,,,,1.9358663294222016,0.18590749776491108,,,,,,,,
,,,,,,,,,,,,1.7681519991182224,0.19481207384185525,,,,,,,,
,,,,,,,,,,,,1.9868974413992817,0.27611961670388724,,,,,,,,
,,,,,,,,,,,,1.8280924312384312,0.1804243156486294,,,,,,,,
,,,,,,,,,,,,1.8778561789450248,0.22493732957144696,,,,,,,,
,,,,,,,,,,,,2.0220369944844117,0.3011090762701662,,,,,,,,
,,,,,,,,,,,,2.082648708582919,0.19657406673223418,,,,,,,,
,,,,,,,,,,,,2.100529983951026,0.22803140279767561,,,,,,,,
,,,,,,,,,,,,2.2084512844886928,0.24211233995897719,,,,,,,,
,,,,,,,,,,,,2.205847332480282,0.2890638343190726,,,,,,,,
,,,,,,,,,,,,2.216746154417162,0.24248474546747273,,,,,,,,
,,,,,,,,,,,,2.1522317773228523,0.18639569430344188,,,,,,,,
,,,,,,,,,,,,2.2033507250516084,0.2006356784459794,,,,,,,,
,,,,,,,,,,,,1.819787171257154,0.20359105180763737,,,,,,,,
,,,,,,,,,,,,1.8721010148879544,0.2361915192231357,,,,,,,,
,,,,,,,,,,,,1.7617501151482597,0.2783742656977636,,,,,,,,
,,,,,,,,,,,,1.8159525444558295,0.4195071866564275,,,,,,,,
,,,,,,,,,,,,1.8529105877786334,0.3997484061987862,,,,,,,,
,,,,,,,,,,,,1.590323108462349,0.4205597247128711,,,,,,,,
,,,,,,,,,,,,1.58708466733587,0.3820573111670501,,,,,,,,
,,,,,,,,,,,,1.595390002364029,0.4671548430459672,,,,,,,,
,,,,,,,,,,,,1.5947591282148146,0.41219356278589525,,,,,,,,
,,,,,,,,,,,,1.7037545543236008,0.4000035808027836,,,,,,,,
,,,,,,,,,,,,1.9339956155713676,0.25468722876939326,,,,,,,,
,,,,,,,,,,,,1.8217075200878594,0.3230928467537698,,,,,,,,
,,,,,,,,,,,,1.9282443855805615,0.28231540378503495,,,,,,,,
,,,,,,,,,,,,2.040501222800371,0.2593514669953979,,,,,,,,
,,,,,,,,,,,,1.8778561789450248,0.14221801519930158,,,,,,,,
,,,,,,,,,,,,1.8267580828330674,0.2630447792140788,,,,,,,,
,,,,,,,,,,,,1.9308078012136851,0.355777595614346,,,,,,,,
,,,,,,,,,,,,2.0424266263444726,0.34102621919945997,,,,,,,,
,,,,,,,,,,,,1.9805469643858353,0.358477587262738,,,,,,,,
,,,,,,,,,,,,2.100529983951026,0.21999393246615553,,,,,,,,
,,,,,,,,,,,,1.9946028840135281,0.21573509970354246,,,,,,,,
,,,,,,,,,,,,2.0488300649657902,0.3329636137198175,,,,,,,,
,,,,,,,,,,,,2.1547870056985197,0.1886018874523611,,,,,,,,
,,,,,,,,,,,,2.0558303200467463,0.2708638252056789,,,,,,,,
,,,,,,,,,,,,2.0495089243718456,0.30197968522021634,,,,,,,,
,,,,,,,,,,,,1.9978082281406337,0.308516756971533,,,,,,,,
,,,,,,,,,,,,2.04498974447756,0.249173392120187,,,,,,,,
,,,,,,,,,,,,2.1069446432859738,0.24425271782607186,,,,,,,,
,,,,,,,,,,,,2.1566744325656453,0.25425254932913777,,,,,,,,
,,,,,,,,,,,,1.9946028840135281,0.33865790541460233,,,,,,,,
,,,,,,,,,,,,1.93966564238017,0.31915691682343655,,,,,,,,
,,,,,,,,,,,,2.155428108249221,0.33368993093206817,,,,,,,,
,,,,,,,,,,,,2.1036779767168086,0.2784652670049787,,,,,,,,
,,,,,,,,,,,,2.0488300649657902,0.21810686571192894,,,,,,,,
,,,,,,,,,,,,1.93966564238017,0.34107399290990914,,,,,,,,
,,,,,,,,,,,,2.210296053471319,0.12805976198362676,,,,,,,,
,,,,,,,,,,,,2.271032062893479,0.22683935708467826,,,,,,,,
,,,,,,,,,,,,2.108790163941506,0.12423004883932841,,,,,,,,
,,,,,,,,,,,,2.0507078681025503,0.36001101791906154,,,,,,,,
,,,,,,,,,,,,2.04498974447756,0.2667221805319624,,,,,,,,
,,,,,,,,,,,,2.100529983951026,0.216668048928655,,,,,,,,
,,,,,,,,,,,,2.108790163941506,0.2587517155267354,,,,,,,,
,,,,,,,,,,,,2.1036779767168086,0.1744106268544416,,,,,,,,
,,,,,,,,,,,,2.1036779767168086,0.34541593107151586,,,,,,,,
,,,,,,,,,,,,1.99591139228899,0.3870233647832143,,,,,,,,
,,,,,,,,,,,,2.212890295864727,0.11711521976648989,,,,,,,,
,,,,,,,,,,,,2.221802614639765,0.20078328238768692,,,,,,,,
,,,,,,,,,,,,2.0526429025700828,0.2654156459719325,,,,,,,,
,,,,,,,,,,,,2.0507078681025503,0.28934516254166454,,,,,,,,
,,,,,,,,,,,,1.9946028840135281,0.33865790541460233,,,,,,,,
,,,,,,,,,,,,2.210296053471319,0.3084495386361614,,,,,,,,
,,,,,,,,,,,,2.163114296045269,0.16287328940929213,,,,,,,,
,,,,,,,,,,,,2.155428108249221,0.15406057874004705,,,,,,,,
,,,,,,,,,,,,2.0507078681025503,0.3487191354653648,,,,,,,,
,,,,,,,,,,,,1.941600911381221,0.1561681773000918,,,,,,,,
,,,,,,,,,,,,2.2569270878841183,0.2358618155873032,,,,,,,,
,,,,,,,,,,,,2.2116264374476495,0.2923498151392507,,,,,,,,
,,,,,,,,,,,,2.1036779767168086,0.3657221846833005,,,,,,,,
,,,,,,,,,,,,1.9978082281406337,0.36813219588055623,,,,,,,,
,,,,,,,,,,,,1.9946028840135281,0.30567523388450724,,,,,,,,
,,,,,,,,,,,,2.04694014205782,0.35364105803772516,,,,,,,,
,,,,,,,,,,,,2.319532463473635,0.2798240624044516,,,,,,,,
,,,,,,,,,,,,2.163114296045269,0.26859474673518824,,,,,,,,
,,,,,,,,,,,,1.9996933468555433,0.2558762274713253,,,,,,,,
,,,,,,,,,,,,2.04694014205782,0.2515777663742175,,,,,,,,
,,,,,,,,,,,,1.9868974413992817,0.244398172741108,,,,,,,,
,,,,,,,,,,,,2.2147537465785,0.17981107307643154,,,,,,,,
,,,,,,,,,,,,2.163114296045269,0.19221660269026114,,,,,,,,
,,,,,,,,,,,,2.1050011131634565,0.3752709841935756,,,,,,,,
,,,,,,,,,,,,2.1503191619988242,0.20995548556890897,,,,,,,,
,,,,,,,,,,,,2.04694014205782,0.2110809809029259,,,,,,,,
,,,,,,,,,,,,2.147754710912427,0.3765816095334435,,,,,,,,
,,,,,,,,,,,,2.212890295864727,0.22752089916650386,,,,,,,,
,,,,,,,,,,,,2.212890295864727,0.1476108203304864,,,,,,,,
,,,,,,,,,,,,2.216746154417162,0.3310941736541168,,,,,,,,
,,,,,,,,,,,,2.108790163941506,0.23746320027479667,,,,,,,,
,,,,,,,,,,,,2.1503191619988242,0.1795405098721682,,,,,,,,
,,,,,,,,,,,,2.1522317773228523,0.3167272001407477,,,,,,,,
,,,,,,,,,,,,2.158658374964657,0.34019655649773994,,,,,,,,
,,,,,,,,,,,,2.3801703902753952,0.2932715443686722,,,,,,,,
,,,,,,,,,,,,2.21925794015044,0.2830810009297867,,,,,,,,
,,,,,,,,,,,,2.216746154417162,0.28847505755796127,,,,,,,,
,,,,,,,,,,,,2.430590699967873,0.26606707599573215,,,,,,,,
,,,,,,,,,,,,2.272898373024606,0.1563457149312861,,,,,,,,
,,,,,,,,,,,,2.21925794015044,0.1338462484027264,,,,,,,,
,,,,,,,,,,,,2.2084512844886928,0.23822763912384445,,,,,,,,
,,,,,,,,,,,,2.1547870056985197,0.22545168578511576,,,,,,,,
,,,,,,,,,,,,2.216746154417162,0.13671600495301348,,,,,,,,
,,,,,,,,,,,,1.9952502860082646,0.2262329085579361,,,,,,,,
,,,,,,,,,,,,1.9410168472575497,0.24855558676123196,,,,,,,,
,,,,,,,,,,,,2.0967132474016124,0.30538634588059166,,,,,,,,
,,,,,,,,,,,,2.1522317773228523,0.2641782079908836,,,,,,,,
,,,,,,,,,,,,2.1036779767168086,0.42318946441029687,,,,,,,,
,,,,,,,,,,,,2.04498974447756,0.251348806857919,,,,,,,,
,,,,,,,,,,,,2.04498974447756,0.3185068452701534,,,,,,,,
,,,,,,,,,,,,2.040501222800371,0.30346739065962586,,,,,,,,
,,,,,,,,,,,,2.100529983951026,0.2820716405125211,,,,,,,,
,,,,,,,,,,,,2.1579871314557066,0.3968363809110078,,,,,,,,
,,,,,,,,,,,,2.1036779767168086,0.3737103607324802,,,,,,,,
,,,,,,,,,,,,2.04498974447756,0.28424324515411076,,,,,,,,
,,,,,,,,,,,,1.9907767182057072,0.3406615018591817,,,,,,,,
,,,,,,,,,,,,1.992695618999034,0.2122868385296377,,,,,,,,
,,,,,,,,,,,,2.100529983951026,0.36077387415554113,,,,,,,,
,,,,,,,,,,,,2.1579871314557066,0.38971929441391806,,,,,,,,
,,,,,,,,,,,,2.1036779767168086,0.1409317267907519,,,,,,,,
,,,,,,,,,,,,2.04498974447756,0.2702647920243143,,,,,,,,
,,,,,,,,,,,,1.992695618999034,0.32406736669507474,,,,,,,,
,,,,,,,,,,,,2.1547870056985197,0.4624147870560987,,,,,,,,
,,,,,,,,,,,,2.04694014205782,0.29445614950383997,,,,,,,,
,,,,,,,,,,,,2.04694014205782,0.4664301318838956,,,,,,,,
,,,,,,,,,,,,2.04694014205782,0.411216361529634,,,,,,,,
,,,,,,,,,,,,2.100529983951026,0.5136391632933213,,,,,,,,
,,,,,,,,,,,,2.0967132474016124,0.3966557605222958,,,,,,,,
,,,,,,,,,,,,1.5959941498769323,0.3339211277195925,,,,,,,,
,,,,,,,,,,,,2.0003153529645696,0.1636024620825779,,,,,,,,
,,,,,,,,,,,,2.060282913142518,0.25615415923553436,,,,,,,,
,,,,,,,,,,,,2.062220011294222,0.24933244896863108,,,,,,,,
,,,,,,,,,,,,2.0532813786779607,0.259315140033665,,,,,,,,
,,,,,,,,,,,,1.8887108024988895,0.23412178135229386,,,,,,,,
,,,,,,,,,,,,1.9423098993890293,0.15897991952989649,,,,,,,,
,,,,,,,,,,,,1.8325596922873104,0.15283835920592023,,,,,,,,
,,,,,,,,,,,,1.8880213794003358,0.13541992348479245,,,,,,,,
,,,,,,,,,,,,1.944142650245652,0.17260467247057726,,,,,,,,
,,,,,,,,,,,,1.941600911381221,0.17667902429670446,,,,,,,,
,,,,,,,,,,,,1.9410168472575497,0.22946262923256655,,,,,,,,
,,,,,,,,,,,,1.9410168472575497,0.15099762623103152,,,,,,,,
,,,,,,,,,,,,2.2677869556805503,0.29458106246727667,,,,,,,,
,,,,,,,,,,,,2.1106801111227993,0.26277982006812045,,,,,,,,
,,,,,,,,,,,,2.1228877095611174,0.28043446253393034,,,,,,,,
,,,,,,,,,,,,2.058410258980116,0.27626254873587536,,,,,,,,
,,,,,,,,,,,,1.8925199271238622,0.25918601870677654,,,,,,,,
,,,,,,,,,,,,1.8918738809136848,0.2505403142907388,,,,,,,,
,,,,,,,,,,,,2.0501117737496304,0.28605622026531735,,,,,,,,
,,,,,,,,,,,,1.7758373601724782,0.2522639339132963,,,,,,,,
,,,,,,,,,,,,0.35966344434668857,1.7460384076639546,,,,,,,,
,,,,,,,,,,,,0.34275784160007156,1.835967163665864,,,,,,,,
,,,,,,,,,,,,0.3763887020235837,1.825055319286796,,,,,,,,
,,,,,,,,,,,,0.39291957558851004,1.459383729003775,,,,,,,,
,,,,,,,,,,,,0.39291957558851004,1.543339039290359,,,,,,,,
,,,,,,,,,,,,0.35966344434668857,1.5916718668537928,,,,,,,,
,,,,,,,,,,,,0.45811881390402553,1.6050370608607971,,,,,,,,
,,,,,,,,,,,,0.5216106125059791,1.5222736527264118,,,,,,,,
,,,,,,,,,,,,0.5216106125059791,1.263067085425699,,,,,,,,
,,,,,,,,,,,,0.4744759776893459,1.261608270392367,,,,,,,,
,,,,,,,,,,,,0.45851079061519634,1.3103293076372569,,,,,,,,
,,,,,,,,,,,,0.44215362775015277,1.834046469548266,,,,,,,,
,,,,,,,,,,,,0.537782217024095,1.2185000833590547,,,,,,,,
,,,,,,,,,,,,0.5063992670221448,1.3761722064689759,,,,,,,,
,,,,,,,,,,,,0.3763887020235837,1.4800740344766155,,,,,,,,
,,,,,,,,,,,,0.3258417844158402,1.7476901172349733,,,,,,,,
,,,,,,,,,,,,0.4910236245116072,1.522605391594848,,,,,,,,
,,,,,,,,,,,,0.458887589933769,1.021326814726057,,,,,,,,
,,,,,,,,,,,,0.44255139222179385,1.0970494012161982,,,,,,,,
,,,,,,,,,,,,0.44215362775015277,0.7236642634806032,,,,,,,,
,,,,,,,,,,,,0.45851079061519634,0.9068509440186894,,,,,,,,
,,,,,,,,,,,,0.6145792744840226,0.7069017485683012,,,,,,,,
,,,,,,,,,,,,0.6438396377378144,0.6169825010766176,,,,,,,,
,,,,,,,,,,,,0.644604033714614,0.5639079079376524,,,,,,,,
,,,,,,,,,,,,0.5073948366618872,1.251472850548045,,,,,,,,
,,,,,,,,,,,,0.42600252984362746,0.9911920863024561,,,,,,,,
,,,,,,,,,,,,0.39273100946863604,1.2610880239527407,,,,,,,,
,,,,,,,,,,,,0.37600591427637287,1.4491247385923836,,,,,,,,
,,,,,,,,,,,,0.644604033714614,0.5191183704855871,,,,,,,,
,,,,,,,,,,,,0.5841690743257744,0.49335694265889546,,,,,,,,
,,,,,,,,,,,,0.45851079061519634,1.3957914047264615,,,,,,,,
,,,,,,,,,,,,0.40945885715326097,1.4086788240241281,,,,,,,,
,,,,,,,,,,,,0.7343631730117836,0.47169197318935896,,,,,,,,
,,,,,,,,,,,,0.7337800205063704,0.6952943025646541,,,,,,,,
,,,,,,,,,,,,0.6303687111299174,0.5512854586148032,,,,,,,,
,,,,,,,,,,,,0.8916550292305457,1.2278045932396853,,,,,,,,
,,,,,,,,,,,,1.027228016329608,0.8337317240115677,,,,,,,,
,,,,,,,,,,,,1.2045759196041836,0.6095944686262474,,,,,,,,
,,,,,,,,,,,,1.4369508289970225,0.3915234510198448,,,,,,,,
,,,,,,,,,,,,1.5435595128589057,0.3463849932385487,,,,,,,,
,,,,,,,,,,,,0.8876491340946109,1.5792473157906006,,,,,,,,
,,,,,,,,,,,,1.0224263833025338,1.0106373241601407,,,,,,,,
,,,,,,,,,,,,1.070970547119277,0.7649944633700686,,,,,,,,
,,,,,,,,,,,,1.1819191593508116,0.7383321368159708,,,,,,,,
,,,,,,,,,,,,1.335843471630115,0.6337890913936588,,,,,,,,
,,,,,,,,,,,,1.3721424353684208,0.4949836705057538,,,,,,,,
,,,,,,,,,,,,1.5166530480607918,0.48773005137911457,,,,,,,,
,,,,,,,,,,,,19.74534747008121,0.2689827659353401,,,,,,,,
,,,,,,,,,,,,17.56473335933067,0.26537433922452314,,,,,,,,
,,,,,,,,,,,,71.04556660304928,0.10381365701728328,,,,,,,,
,,,,,,,,,,,,35.99264993496919,0.15143244411478926,,,,,,,,
,,,,,,,,,,,,52.43974597287617,0.19556320599445706,,,,,,,,
,,,,,,,,,,,,37.174454249249116,0.15627637829016786,,,,,,,,
,,,,,,,,,,,,48.92727182658186,0.18468899999464644,,,,,,,,
,,,,,,,,,,,,33.29324639398433,0.1325918175760827,,,,,,,,
,,,,,,,,,,,,38.31584095773261,0.1156291127749094,,,,,,,,
,,,,,,,,,,,,37.09449063618518,0.10249434310701677,,,,,,,,
,,,,,,,,,,,,38.31817248213993,0.10578110507249218,,,,,,,,
,,,,,,,,,,,,72.36195921973504,0.0893605007788765,,,,,,,,
,,,,,,,,,,,,61.976434505726495,0.1349937841235988,,,,,,,,
,,,,,,,,,,,,59.43161778072207,0.06551536903239319,,,,,,,,
,,,,,,,,,,,,1500.0,1.4603550849117881,,,,,,,,
,,,,,,,,,,,,49.981628727472376,0.047542968982398445,,,,,,,,
,,,,,,,,,,,,50.02033576046206,0.04629160717279898,,,,,,,,
,,,,,,,,,,,,97.24541083422488,0.10761820954586938,,,,,,,,
,,,,,,,,,,,,71.89405896401341,0.043625651162834796,,,,,,,,
,,,,,,,,,,,,36.60011600212331,0.05220605152794141,,,,,,,,
,,,,,,,,,,,,109.51790237033136,0.09131801546140564,,,,,,,,
,,,,,,,,,,,,65.54485075647999,0.055429774760731645,,,,,,,,
,,,,,,,,,,,,51.31479743506518,0.04566917968507694,,,,,,,,
,,,,,,,,,,,,42.182997443995866,0.050540655878956495,,,,,,,,
,,,,,,,,,,,,103.34077232961882,0.05714832453333312,,,,,,,,
,,,,,,,,,,,,47.96774606603981,0.059875822464042806,,,,,,,,
,,,,,,,,,,,,78.23803070938166,0.059763631050492844,,,,,,,,
,,,,,,,,,,,,32.18332769521474,0.12803484997574185,,,,,,,,
,,,,,,,,,,,,27.655222852186057,0.09720848675261325,,,,,,,,
,,,,,,,,,,,,24.399891258888513,0.12347632737588443,,,,,,,,
,,,,,,,,,,,,40.92392217580124,0.049071574148180135,,,,,,,,
,,,,,,,,,,,,78.23803070938166,0.051078999516521305,,,,,,,,
,,,,,,,,,,,,97.12221358053553,0.04271440807475277,,,,,,,,
,,,,,,,,,,,,56.4620338857101,0.0623240166690747,,,,,,,,
,,,,,,,,,,,,146.32458088816557,0.0485770643102451,,,,,,,,
,,,,,,,,,,,,57.115306942135376,0.04446938660091271,,,,,,,,
,,,,,,,,,,,,47.00589915730113,0.04846510678415235,,,,,,,,
,,,,,,,,,,,,30.271441377625436,0.09196378011885596,,,,,,,,
,,,,,,,,,,,,44.457606513274555,0.04339675155504296,,,,,,,,
,,,,,,,,,,,,37.15912606309044,0.0837442944671865,,,,,,,,
,,,,,,,,,,,,44.52333054905204,0.04597245274510667,,,,,,,,
,,,,,,,,,,,,20.078260264961333,0.08889198068492998,,,,,,,,
,,,,,,,,,,,,21.071272693185236,0.10898396953373078,,,,,,,,
,,,,,,,,,,,,21.540779339735924,0.11134535416768991,,,,,,,,
,,,,,,,,,,,,51.1538987637434,0.04565141297545764,,,,,,,,
,,,,,,,,,,,,1.0315673683901112,0.5600222611951327,,,,,,,,
,,,,,,,,,,,,1.655490072124141,0.39343239275147246,,,,,,,,
,,,,,,,,,,,,1.5782515969786584,0.31158710042395377,,,,,,,,
,,,,,,,,,,,,1.7311573122185195,0.4638708972541944,,,,,,,,
,,,,,,,,,,,,1.5316772675141608,0.46849825501006037,,,,,,,,
,,,,,,,,,,,,1.5238787483361331,0.6375238837884832,,,,,,,,
,,,,,,,,,,,,1.8152037706212423,0.43035142430146367,,,,,,,,
,,,,,,,,,,,,1.7311573122185195,0.3409572245421146,,,,,,,,
,,,,,,,,,,,,1.7681519991182224,0.34804812222874965,,,,,,,,
,,,,,,,,,,,,1.852246755438176,0.45660570633227787,,,,,,,,
,,,,,,,,,,,,1.7401224691841042,0.288988484843058,,,,,,,,
,,,,,,,,,,,,1.8247152070178498,0.3026631452850515,,,,,,,,
,,,,,,,,,,,,1.7311573122185195,0.3409572245421146,,,,,,,,
,,,,,,,,,,,,2.008154292144177,0.3187659706452578,,,,,,,,
,,,,,,,,,,,,1.4925296618887796,0.3991282646412168,,,,,,,,
,,,,,,,,,,,,1.4925296618887796,0.3991282646412168,,,,,,,,
,,,,,,,,,,,,1.44608767174782,0.48625580454481926,,,,,,,,
,,,,,,,,,,,,1.413024779857179,0.409915965961875,,,,,,,,
,,,,,,,,,,,,1.5712194876886114,0.5633355120995868,,,,,,,,
,,,,,,,,,,,,1.6308720625343718,0.4497219580279993,,,,,,,,
,,,,,,,,,,,,1.6914851876252783,0.3010305869940042,,,,,,,,
,,,,,,,,,,,,1.688377454488433,0.3562915615044463,,,,,,,,
,,,,,,,,,,,,1.6266105015952572,0.4875858407809209,,,,,,,,
,,,,,,,,,,,,1.6914851876252783,0.3010305869940042,,,,,,,,
,,,,,,,,,,,,1.6925948432783267,0.30121454183582097,,,,,,,,
,,,,,,,,,,,,1.6925948432783267,0.30121454183582097,,,,,,,,
,,,,,,,,,,,,1.7463276903348728,0.26547348622023603,,,,,,,,
,,,,,,,,,,,,1.6851557982230134,0.3556419548730317,,,,,,,,
,,,,,,,,,,,,1.5733827338811879,0.5511739253977787,,,,,,,,
,,,,,,,,,,,,1.6266105015952572,0.4981078512392038,,,,,,,,
,,,,,,,,,,,,1.5685872180302058,0.6188049314859452,,,,,,,,
,,,,,,,,,,,,1.511631805236691,0.7337383604257192,,,,,,,,
,,,,,,,,,,,,0.8912602558258739,1.7944520987417416,,,,,,,,
,,,,,,,,,,,,1.7017571881183966,0.6999605319243625,,,,,,,,
,,,,,,,,,,,,2.693613002242956,0.5061436717466882,,,,,,,,
,,,,,,,,,,,,2.1089042259411217,0.5213957641151492,,,,,,,,
,,,,,,,,,,,,1.946121858436502,0.5841646613939916,,,,,,,,
,,,,,,,,,,,,2.693613002242956,9.738797698476594,,,,,,,,
,,,,,,,,,,,,2.685076350191494,0.5813393309738472,,,,,,,,
,,,,,,,,,,,,2.834678060677589,0.5085026290893755,,,,,,,,
,,,,,,,,,,,,1.8796408197553403,0.6766750388832412,,,,,,,,
,,,,,,,,,,,,2.903350496775147,0.4671184898802059,,,,,,,,
,,,,,,,,,,,,2.3992269573581013,0.40482310405657046,,,,,,,,
,,,,,,,,,,,,1.5459564073997896,0.6595288412556514,,,,,,,,
,,,,,,,,,,,,0.5237255396862385,157.42232089323298,,,,,,,,
,,,,,,,,,,,,0.41895466312447494,3.1489812638591825,,,,,,,,
,,,,,,,,,,,,0.354870051025071,2.1121288553377733,,,,,,,,
,,,,,,,,,,,,0.47601987753400676,5.032481469514805,,,,,,,,
,,,,,,,,,,,,0.5230337574411356,1.9686076125390797,,,,,,,,
,,,,,,,,,,,,0.7053697427673136,1.3893162909420311,,,,,,,,
,,,,,,,,,,,,0.7444687634358021,1.18360184763027,,,,,,,,
,,,,,,,,,,,,0.8778316477427185,1.242511015331736,,,,,,,,
,,,,,,,,,,,,0.8186791619638053,0.8197131183454566,,,,,,,,
,,,,,,,,,,,,0.7432919036425718,0.9504868797370903,,,,,,,,
,,,,,,,,,,,,0.6651124971977186,1.1244188411038867,,,,,,,,
,,,,,,,,,,,,0.6641621093113779,1.3102375365165637,,,,,,,,
,,,,,,,,,,,,0.6444035914962016,1.4415942395667682,,,,,,,,
,,,,,,,,,,,,0.5237255396862385,1.489525911615852,,,,,,,,
,,,,,,,,,,,,0.5439602931740523,2.8834886151566717,,,,,,,,
,,,,,,,,,,,,0.4196619731381449,2.752930843113099,,,,,,,,
,,,,,,,,,,,,0.44055571666012017,2.735632260234033,,,,,,,,
,,,,,,,,,,,,0.4196619731381449,1.703392325136278,,,,,,,,
,,,,,,,,,,,,0.37740031860555234,1.6758265732618274,,,,,,,,
,,,,,,,,,,,,0.9849191095463752,4.0816925356528015,,,,,,,,
,,,,,,,,,,,,0.4823795736955364,1.5938720060751628,,,,,,,,
,,,,,,,,,,,,14.587384428512776,0.11892591030260166,,,,,,,,
,,,,,,,,,,,,14.192799777385055,0.0758935671070397,,,,,,,,
,,,,,,,,,,,,16.383131449655853,0.2178380039337348,,,,,,,,
,,,,,,,,,,,,18.79149333383753,0.3557997459535614,,,,,,,,
,,,,,,,,,,,,13.277471322142759,0.1485442272238217,,,,,,,,
,,,,,,,,,,,,16.383131449655853,0.329500519015397,,,,,,,,
,,,,,,,,,,,,15.108483359673878,0.32283271636927724,,,,,,,,
,,,,,,,,,,,,14.87495959680944,0.2681530249609974,,,,,,,,
,,,,,,,,,,,,14.856516732383534,0.4090476071554899,,,,,,,,
,,,,,,,,,,,,14.587384428512776,0.4622043186046095,,,,,,,,
,,,,,,,,,,,,14.066843499117486,0.6662375965983247,,,,,,,,
,,,,,,,,,,,,14.461739055296867,0.5328588298907985,,,,,,,,
,,,,,,,,,,,,14.982350208391445,0.5280989850753545,,,,,,,,
,,,,,,,,,,,,14.731242111902828,0.6006145707254712,,,,,,,,
,,,,,,,,,,,,22.637094649400474,2.8800461818760463,,,,,,,,
,,,,,,,,,,,,25.070452718126703,0.71507389529628,,,,,,,,
,,,,,,,,,,,,30.735037497559922,0.7684521820653052,,,,,,,,
,,,,,,,,,,,,21.93211904824102,0.8971047331095169,,,,,,,,
,,,,,,,,,,,,27.260096893604427,0.8578032870426928,,,,,,,,
,,,,,,,,,,,,14.4403910599121,0.5529912910723654,,,,,,,,
,,,,,,,,,,,,20.20401529665142,0.6872037961754569,,,,,,,,
,,,,,,,,,,,,17.932268642717755,0.7987497755010907,,,,,,,,
,,,,,,,,,,,,19.067930171117464,1.1546570430671572,,,,,,,,
,,,,,,,,,,,,15.388322135591864,0.6881858380932683,,,,,,,,
,,,,,,,,,,,,12.746452931327033,0.9536691244557521,,,,,,,,
,,,,,,,,,,,,22.521685845125525,1.182483247438662,,,,,,,,
,,,,,,,,,,,,22.521685845125525,0.4899307426121751,,,,,,,,
,,,,,,,,,,,,3.645987803780996,0.17910998853299465,,,,,,,,
,,,,,,,,,,,,3.599403217520758,0.2352037883894079,,,,,,,,
,,,,,,,,,,,,3.424099970618717,0.21382465165042347,,,,,,,,
,,,,,,,,,,,,4.046040540222451,0.1518395613057691,,,,,,,,
,,,,,,,,,,,,4.308668176619821,0.16142719177303225,,,,,,,,
,,,,,,,,,,,,4.573739603698715,0.12335003255611318,,,,,,,,
,,,,,,,,,,,,4.573739603698715,0.14428650399813825,,,,,,,,
,,,,,,,,,,,,4.573739603698715,0.12335003255611318,,,,,,,,
,,,,,,,,,,,,4.308668176619821,0.13613526602883588,,,,,,,,
,,,,,,,,,,,,3.152033477226188,0.2168012947965442,,,,,,,,
,,,,,,,,,,,,4.177901925350331,0.1887949919120091,,,,,,,,
,,,,,,,,,,,,4.262007889650729,0.23661925786873944,,,,,,,,
,,,,,,,,,,,,3.116655384710969,0.12411457305586554,,,,,,,,
,,,,,,,,,,,,3.465813789528422,0.16205464709211578,,,,,,,,
,,,,,,,,,,,,3.698185035021366,0.14661651567425363,,,,,,,,
,,,,,,,,,,,,3.465813789528422,0.114200516301816,,,,,,,,
,,,,,,,,,,,,5.750905806349602,0.1870102900256056,,,,,,,,
,,,,,,,,,,,,5.750905806349602,0.15770578601311422,,,,,,,,
,,,,,,,,,,,,6.856789721338436,0.1383993312930959,,,,,,,,
,,,,,,,,,,,,6.979188802703627,0.14080236986934055,,,,,,,,
,,,,,,,,,,,,7.264783367292814,0.08950073676632292,,,,,,,,
,,,,,,,,,,,,7.344789648136234,0.10117289774140982,,,,,,,,
,,,,,,,,,,,,7.319606885783077,0.11355358794485308,,,,,,,,
,,,,,,,,,,,,7.211101742722746,0.11191218570009615,,,,,,,,
,,,,,,,,,,,,6.195765701241067,0.10954091097599537,,,,,,,,
,,,,,,,,,,,,6.747226061150407,0.15751934877508927,,,,,,,,
,,,,,,,,,,,,5.302467248173745,0.17279215499525216,,,,,,,,
,,,,,,,,,,,,4.9637355632228655,0.16203194834654153,,,,,,,,
,,,,,,,,,,,,4.393609105002027,0.1733996758567529,,,,,,,,
,,,,,,,,,,,,3.9331644396490226,0.15568643961275866,,,,,,,,
,,,,,,,,,,,,3.116655384710969,0.15255732304824673,,,,,,,,
,,,,,,,,,,,,3.031100399316786,0.1917280803149745,,,,,,,,
,,,,,,,,,,,,3.742807666095864,0.2956650966177525,,,,,,,,
,,,,,,,,,,,,5.067188695874027,0.2471590978690489,,,,,,,,
,,,,,,,,,,,,5.400022148273038,0.2930057796803001,,,,,,,,
,,,,,,,,,,,,5.227838789040006,0.25477841746753216,,,,,,,,
,,,,,,,,,,,,6.9584108793317085,0.2043267339142215,,,,,,,,
,,,,,,,,,,,,6.452791102527077,0.2251264620389521,,,,,,,,
,,,,,,,,,,,,7.293746083554021,0.25364583635042587,,,,,,,,
,,,,,,,,,,,,6.267027790989986,0.2799188051803756,,,,,,,,
,,,,,,,,,,,,3.632148378130465,0.23423659330806118,,,,,,,,
,,,,,,,,,,,,2.72228341440753,0.2289462489051415,,,,,,,,
,,,,,,,,,,,,1.612948956465173,2.24971947116533,,,,,,,,
,,,,,,,,,,,,2.0522751749482526,0.6172442348279008,,,,,,,,
,,,,,,,,,,,,2.0137489955575663,0.631457979519597,,,,,,,,
,,,,,,,,,,,,2.0522751749482526,0.6172442348279008,,,,,,,,
,,,,,,,,,,,,2.282654173324333,0.3780777171958921,,,,,,,,
,,,,,,,,,,,,2.0522751749482526,0.4728055278104114,,,,,,,,
,,,,,,,,,,,,2.32067754490925,0.3323255038030062,,,,,,,,
,,,,,,,,,,,,2.35832957555827,0.33756594602220086,,,,,,,,
,,,,,,,,,,,,2.2449957545422214,0.4351402202053024,,,,,,,,
,,,,,,,,,,,,2.0522751749482526,0.6172442348279008,,,,,,,,
,,,,,,,,,,,,2.0137489955575663,0.6586286958802404,,,,,,,,
,,,,,,,,,,,,1.774985117674676,1.2227080897955598,,,,,,,,
,,,,,,,,,,,,1.774985117674676,1.3903654348656258,,,,,,,,
,,,,,,,,,,,,1.5725479103607116,2.7797653726976006,,,,,,,,
,,,,,,,,,,,,1.4898529375266245,2.637350766325131,,,,,,,,
,,,,,,,,,,,,1.1044615231975161,1.3344767201184653,,,,,,,,
,,,,,,,,,,,,1.1506990825897776,1.2362273584272392,,,,,,,,
,,,,,,,,,,,,1.106610424519139,1.1900995135764505,,,,,,,,
,,,,,,,,,,,,1.45579925293006,0.685286577030617,,,,,,,,
,,,,,,,,,,,,1.4169949870039957,10.87603351286946,,,,,,,,
,,,,,,,,,,,,1.5803176772932972,0.7242445556349678,,,,,,,,
,,,,,,,,,,,,1.542521491543258,0.7433334761265138,,,,,,,,
,,,,,,,,,,,,1.9103825996829418,0.4669349496041517,,,,,,,,
,,,,,,,,,,,,1.9103825996829418,0.3937831182851174,,,,,,,,
,,,,,,,,,,,,1.6249891957635256,0.4807099039812438,,,,,,,,
,,,,,,,,,,,,1.542521491543258,0.7821356580442449,,,,,,,,
,,,,,,,,,,,,1.4972849782151663,0.6245402624172427,,,,,,,,
,,,,,,,,,,,,1.1990344677611422,1.1529196210939077,,,,,,,,
,,,,,,,,,,,,1.1942570764257088,1.2817918206048677,,,,,,,,
,,,,,,,,,,,,1.1044615231975161,1.233882189160085,,,,,,,,
,,,,,,,,,,,,1.0158152637120441,1.182299217078887,,,,,,,,
,,,,,,,,,,,,0.6925916611098611,1.3070855375869115,,,,,,,,
,,,,,,,,,,,,1.2614059258398895,0.5834945047160893,,,,,,,,
,,,,,,,,,,,,1.168163652788207,0.8734889553058268,,,,,,,,
,,,,,,,,,,,,1.2096930729670916,0.6642754731663715,,,,,,,,
,,,,,,,,,,,,1.1194140506825347,0.7723160976004791,,,,,,,,
,,,,,,,,,,,,0.9596323584860068,1.0936908262336122,,,,,,,,
,,,,,,,,,,,,1.1194140506825347,1.1778773207520647,,,,,,,,
,,,,,,,,,,,,1.043093624563836,0.6930092683884983,,,,,,,,
,,,,,,,,,,,,1.1218005962321334,0.977138247821285,,,,,,,,
,,,,,,,,,,,,1.082710128729371,0.7627949166311432,,,,,,,,
,,,,,,,,,,,,1.0035348409851215,1.305220325144244,,,,,,,,
,,,,,,,,,,,,0.9596323584860068,1.531279856419027,,,,,,,,
,,,,,,,,,,,,0.9195975826051632,1.0492334674247321,,,,,,,,
,,,,,,,,,,,,1.0387795265948216,2.5804142350416748,,,,,,,,
,,,,,,,,,,,,0.7913622431775418,1.9059416631266022,,,,,,,,
,,,,,,,,,,,,0.7055891485526129,4.4111118465299475,,,,,,,,
,,,,,,,,,,,,1.204071094750261,0.25940192955142893,,,,,,,,
,,,,,,,,,,,,1.643935013904474,0.18933938910151843,,,,,,,,
,,,,,,,,,,,,1.3135254299087202,0.2100510904867994,,,,,,,,
,,,,,,,,,,,,1.2740781980762896,0.286248844960638,,,,,,,,
,,,,,,,,,,,,2.6357934045632425,0.2987563013305584,,,,,,,,
,,,,,,,,,,,,3.4301010915580736,0.4682121382712518,,,,,,,,
,,,,,,,,,,,,1.4058969131437424,0.0884042432517743,,,,,,,,
,,,,,,,,,,,,2.328370482665121,0.09291803828621302,,,,,,,,
,,,,,,,,,,,,0.7424456163199262,0.09508547617734196,,,,,,,,
,,,,,,,,,,,,2.0502088005563395,1.6157206982802321,,,,,,,,
,,,,,,,,,,,,5.747407542824851,0.23462153246331524,,,,,,,,
,,,,,,,,,,,,3.180644229692172,0.08914032600547897,,,,,,,,
,,,,,,,,,,,,1.619461461258247,0.6434502351362668,,,,,,,,
,,,,,,,,,,,,4.688059145250497,0.05666781799191292,,,,,,,,
,,,,,,,,,,,,1.2042827697324876,0.2027546422156264,,,,,,,,
,,,,,,,,,,,,1.619461461258247,0.6434502351362668,,,,,,,,
,,,,,,,,,,,,4.688059145250497,0.05666781799191292,,,,,,,,
,,,,,,,,,,,,2.0502088005563395,1.6157206982802321,,,,,,,,
,,,,,,,,,,,,5.747407542824851,0.23462153246331524,,,,,,,,
,,,,,,,,,,,,3.180644229692172,0.08914032600547897,,,,,,,,
,,,,,,,,,,,,1.4058969131437424,0.0884042432517743,,,,,,,,
,,,,,,,,,,,,2.328370482665121,0.09291803828621302,,,,,,,,
,,,,,,,,,,,,0.7424456163199262,0.09508547617734196,,,,,,,,
,,,,,,,,,,,,1.204071094750261,0.25940192955142893,,,,,,,,
,,,,,,,,,,,,1.643935013904474,0.18933938910151843,,,,,,,,
,,,,,,,,,,,,1.3135254299087202,0.2100510904867994,,,,,,,,
,,,,,,,,,,,,1.2740781980762896,0.286248844960638,,,,,,,,
,,,,,,,,,,,,2.6357934045632425,0.2987563013305584,,,,,,,,
,,,,,,,,,,,,3.4301010915580736,0.4682121382712518,,,,,,,,
,,,,,,,,,,,,1.2042827697324876,0.2027546422156264,,,,,,,,
,,,,,,,,,,,,10.213680672264083,0.10247679688257363,,,,,,,,
,,,,,,,,,,,,11.176506710617337,0.0797412756263106,,,,,,,,
,,,,,,,,,,,,13.425010725596081,0.04940243899614361,,,,,,,,
,,,,,,,,,,,,14.228636683730167,0.05233153765744682,,,,,,,,
,,,,,,,,,,,,14.871741755105297,0.0572683065204599,,,,,,,,
,,,,,,,,,,,,15.354131267430265,0.05839520617035578,,,,,,,,
,,,,,,,,,,,,17.28453643374098,0.07092476336489904,,,,,,,,
,,,,,,,,,,,,17.928510638171414,0.044769047022385794,,,,,,,,
,,,,,,,,,,,,12.26632569200164,0.08452606104312156,,,,,,,,
,,,,,,,,,,,,6.577821697005529,0.1430505112335012,,,,,,,,
,,,,,,,,,,,,6.756515604210171,0.14142227676854022,,,,,,,,
,,,,,,,,,,,,9.082520198603781,0.08633835851311558,,,,,,,,
,,,,,,,,,,,,12.398395370587998,0.06330778967182848,,,,,,,,
,,,,,,,,,,,,3.817883643293545,0.1934666964811662,,,,,,,,
,,,,,,,,,,,,4.09207902652432,0.1911485496613877,,,,,,,,
,,,,,,,,,,,,4.366439265646797,0.17943993915071957,,,,,,,,
,,,,,,,,,,,,4.640818763718315,0.16437518871159526,,,,,,,,
,,,,,,,,,,,,5.052752059674962,0.15555019746139023,,,,,,,,
,,,,,,,,,,,,5.327405305408045,0.14474141479766314,,,,,,,,
,,,,,,,,,,,,5.46464355439549,0.13415909597994824,,,,,,,,
,,,,,,,,,,,,5.739505423895707,0.13544943463878237,,,,,,,,
,,,,,,,,,,,,2.0137489955575663,0.23862006555808082,,,,,,,,
,,,,,,,,,,,,2.4402148110078183,0.16215683080395377,,,,,,,,
,,,,,,,,,,,,2.813712766011197,0.13035020712439604,,,,,,,,
,,,,,,,,,,,,3.080716113140567,0.16552599091522324,,,,,,,,
,,,,,,,,,,,,3.2943207121882176,0.11730220699615412,,,,,,,,
,,,,,,,,,,,,4.096134136298526,0.08915350730432942,,,,,,,,
,,,,,,,,,,,,5.286345163904435,0.07266474281104228,,,,,,,,
,,,,,,,,,,,,6.560012523293158,0.05380517874964805,,,,,,,,
,,,,,,,,,,,,7.3644803834037065,0.06186519370851965,,,,,,,,
,,,,,,,,,,,,12.973285416444739,0.06519266728416061,,,,,,,,
,,,,,,,,,,,,2.8588615024812407,0.26681144909307336,,,,,,,,
,,,,,,,,,,,,3.9892032756154805,0.2113069673836937,,,,,,,,
,,,,,,,,,,,,4.709407046442588,0.17915878015736078,,,,,,,,
,,,,,,,,,,,,5.224270161924601,0.1532349455239239,,,,,,,,
,,,,,,,,,,,,5.636465332036812,0.14955276881542873,,,,,,,,
,,,,,,,,,,,,5.739505423895707,0.1585684646838277,,,,,,,,
,,,,,,,,,,,,4.56231250570682,0.4264541400882254,,,,,,,,
,,,,,,,,,,,,4.797721028357721,0.48853347689949794,,,,,,,,
,,,,,,,,,,,,6.917718557852621,0.271417713593733,,,,,,,,
,,,,,,,,,,,,1.1543262777294252,3.976688342962878,,,,,,,,
,,,,,,,,,,,,1.5117135676373967,1.6027466712797278,,,,,,,,
,,,,,,,,,,,,1.2436483295468044,0.9587179798661797,,,,,,,,
,,,,,,,,,,,,1.422336405754024,1.0043571274289969,,,,,,,,
,,,,,,,,,,,,1.6905591253609835,0.8956851461582949,,,,,,,,
,,,,,,,,,,,,2.138199561123766,0.4580470887283408,,,,,,,,
,,,,,,,,,,,,3.7532477890168816,0.2001094067463714,,,,,,,,
,,,,,,,,,,,,4.742300597705422,0.1833129324660702,,,,,,,,
,,,,,,,,,,,,5.6425849373417485,0.1619865603930821,,,,,,,,
,,,,,,,,,,,,5.732389241850579,0.14464176307306134,,,,,,,,
,,,,,,,,,,,,6.994068151383181,0.18099245856566945,,,,,,,,
,,,,,,,,,,,,3.347826284898096,0.333371972403753,,,,,,,,
,,,,,,,,,,,,5.970191914879217,0.1219915940415548,,,,,,,,
,,,,,,,,,,,,6.452791102527077,0.13007660618436442,,,,,,,,
,,,,,,,,,,,,4.6235157444581105,3.0080758858104266,,,,,,,,
,,,,,,,,,,,,5.051795634951048,1.2193538092437965,,,,,,,,
,,,,,,,,,,,,4.990689581957615,1.1266655524905678,,,,,,,,
,,,,,,,,,,,,5.909072910566858,0.5117579346707419,,,,,,,,
,,,,,,,,,,,,8.607024922881866,0.17029181653512118,,,,,,,,
,,,,,,,,,,,,1.0962262141212367,1.8481376061072823,,,,,,,,
,,,,,,,,,,,,1.2967601219788294,1.7854118873904476,,,,,,,,
,,,,,,,,,,,,1.6480191057599431,1.2123897463490578,,,,,,,,
,,,,,,,,,,,,1.6982286792164762,0.7944506106508634,,,,,,,,
,,,,,,,,,,,,2.4019942299087074,0.7212607348082978,,,,,,,,
,,,,,,,,,,,,2.7039494889033615,0.4171632058831074,,,,,,,,
,,,,,,,,,,,,3.4287447071601167,2.8529428652598527,,,,,,,,
,,,,,,,,,,,,3.5149562678384707,2.9227423321294004,,,,,,,,
,,,,,,,,,,,,3.687374507766392,2.5182118969979856,,,,,,,,
,,,,,,,,,,,,4.550114050000456,1.3537753815782363,,,,,,,,
,,,,,,,,,,,,7.489204801184259,0.5378038559204215,,,,,,,,
,,,,,,,,,,,,7.662266111091267,0.4110691815407077,,,,,,,,
,,,,,,,,,,,,7.5756509959569955,0.3749134048997658,,,,,,,,
,,,,,,,,,,,,9.221241621499301,0.27875038019044096,,,,,,,,
,,,,,,,,,,,,1.0296372824730027,3.7218743310062936,,,,,,,,
,,,,,,,,,,,,1.4680553105480338,1.295873602624618,,,,,,,,
,,,,,,,,,,,,2.1069446432859738,0.8499159140980278,,,,,,,,
,,,,,,,,,,,,2.253549769575809,0.8329372975473451,,,,,,,,
,,,,,,,,,,,,2.6535934389635525,0.6413655291450507,,,,,,,,
,,,,,,,,,,,,0.4482214476864987,14.57871455330308,,,,,,,,
,,,,,,,,,,,,0.9820599146208159,7.36457223355861,,,,,,,,
,,,,,,,,,,,,1.0232216350169412,5.461177544791201,,,,,,,,
,,,,,,,,,,,,1.1879114637332646,3.2837617291355463,,,,,,,,
,,,,,,,,,,,,1.3527024622244586,2.1959329863849915,,,,,,,,
,,,,,,,,,,,,1.3939477203422037,1.8149002615524672,,,,,,,,
,,,,,,,,,,,,1.7238867467295513,1.2159519530834753,,,,,,,,
,,,,,,,,,,,,1.8064745704845682,1.0499971977538993,,,,,,,,
,,,,,,,,,,,,1.889042836734487,0.8490465978535889,,,,,,,,
,,,,,,,,,,,,2.0955511610692596,0.5352298242524348,,,,,,,,
